{"stats":{"minecraft:mined":{"minecraft:large_amethyst_bud":1,"minecraft:tuff":21,"minecraft:mossy_cobblestone":2,"minecraft:deepslate_diamond_ore":17,"minecraft:jungle_leaves":1,"minecraft:brewing_stand":1,"minecraft:obsidian":10,"minecraft:cave_vines_plant":10,"minecraft:granite":14,"minecraft:budding_amethyst":2,"minecraft:acacia_log":107,"minecraft:grass_block":37,"minecraft:jungle_log":4,"minecraft:moss_block":4,"minecraft:spawner":1,"minecraft:hay_block":37,"minecraft:tall_seagrass":1,"minecraft:raw_iron_block":1,"minecraft:furnace":4,"minecraft:fire":6,"minecraft:iron_ore":7,"minecraft:cobbled_deepslate":2,"minecraft:acacia_wood":39,"minecraft:acacia_stairs":2,"minecraft:andesite":16,"minecraft:big_dripleaf_stem":2,"minecraft:twisting_vines":4,"minecraft:pointed_dripstone":2,"minecraft:cave_vines":11,"minecraft:deepslate_iron_ore":38,"minecraft:dirt_path":9,"minecraft:rail":72,"minecraft:warped_stem":28,"minecraft:bamboo":1,"minecraft:stone":140,"minecraft:orange_bed":5,"minecraft:podzol":1,"minecraft:deepslate_redstone_ore":1,"minecraft:acacia_leaves":9,"minecraft:glass_pane":3,"minecraft:red_bed":1,"minecraft:twisting_vines_plant":2,"minecraft:crimson_nylium":10,"minecraft:crafting_table":3,"minecraft:clay":20,"minecraft:calcite":15,"minecraft:warped_roots":1,"minecraft:chest":1,"minecraft:lectern":60,"minecraft:cobblestone":21,"minecraft:copper_ore":3,"minecraft:tall_grass":7,"minecraft:lapis_ore":4,"minecraft:diorite":3,"minecraft:amethyst_block":29,"minecraft:warped_wart_block":17,"minecraft:birch_planks":3,"minecraft:warped_nylium":30,"minecraft:grass":96,"minecraft:oak_log":26,"minecraft:coal_ore":16,"minecraft:cocoa":2,"minecraft:gravel":2,"minecraft:dripstone_block":6,"minecraft:dirt":16,"minecraft:crimson_planks":1,"minecraft:cobweb":1,"minecraft:smooth_basalt":2,"minecraft:acacia_planks":1,"minecraft:netherrack":224,"minecraft:oak_leaves":6,"minecraft:deepslate":158},"minecraft:broken":{"minecraft:iron_pickaxe":1,"minecraft:iron_helmet":1},"minecraft:used":{"minecraft:azalea":2,"minecraft:tropical_fish":12,"minecraft:chest":7,"minecraft:shield":49,"minecraft:iron_sword":161,"minecraft:cooked_chicken":7,"minecraft:rotten_flesh":3,"minecraft:netherrack":398,"minecraft:orange_bed":5,"minecraft:torch":16,"minecraft:dirt":48,"minecraft:warped_wart_block":16,"minecraft:twisting_vines":3,"minecraft:acacia_sapling":1,"minecraft:tuff":15,"minecraft:granite":3,"minecraft:obsidian":10,"minecraft:lava_bucket":5,"minecraft:iron_axe":287,"minecraft:warped_nylium":1,"minecraft:iron_helmet":2,"minecraft:iron_boots":1,"minecraft:smooth_basalt":2,"minecraft:furnace":5,"minecraft:cobbled_deepslate":137,"minecraft:iron_leggings":1,"minecraft:cooked_mutton":2,"minecraft:water_bucket":74,"minecraft:diorite":1,"minecraft:amethyst_block":6,"minecraft:birch_planks":3,"minecraft:stone_pickaxe":65,"minecraft:ender_pearl":1,"minecraft:wooden_pickaxe":3,"minecraft:clay":12,"minecraft:white_wool":3,"minecraft:golden_apple":1,"minecraft:glow_berries":18,"minecraft:crafting_table":4,"minecraft:red_bed":1,"minecraft:white_bed":1,"minecraft:warped_planks":108,"minecraft:oak_log":3,"minecraft:acacia_stairs":3,"minecraft:diamond_pickaxe":445,"minecraft:apple":1,"minecraft:bread":65,"minecraft:iron_pickaxe":441,"minecraft:lectern":61,"minecraft:gravel":1,"minecraft:diamond_sword":63,"minecraft:crimson_fungus":1,"minecraft:cobblestone":136,"minecraft:bucket":80,"minecraft:andesite":2},"minecraft:killed":{"minecraft:cave_spider":1,"minecraft:spider":3,"minecraft:horse":2,"minecraft:skeleton":2,"minecraft:chicken":7,"minecraft:piglin":1,"minecraft:pig":3,"minecraft:iron_golem":4,"minecraft:sheep":5,"minecraft:zombie":26,"minecraft:enderman":1,"minecraft:cow":2},"minecraft:crafted":{"minecraft:oak_planks":12,"minecraft:raw_iron":9,"minecraft:cooked_chicken":7,"minecraft:furnace":1,"minecraft:bookshelf":1,"minecraft:cooked_mutton":4,"minecraft:warped_planks":108,"minecraft:iron_boots":2,"minecraft:iron_axe":3,"minecraft:stone_pickaxe":1,"minecraft:chest":5,"minecraft:wheat":333,"minecraft:oak_slab":6,"minecraft:emerald":1,"minecraft:diamond_sword":1,"minecraft:crafting_table":2,"minecraft:wooden_pickaxe":1,"minecraft:iron_helmet":3,"minecraft:iron_sword":1,"minecraft:bucket":1,"minecraft:bread":111,"minecraft:air":0,"minecraft:jungle_planks":24,"minecraft:lectern":1,"minecraft:book":3,"minecraft:iron_chestplate":2,"minecraft:paper":57,"minecraft:diamond_pickaxe":1,"minecraft:shield":1,"minecraft:stick":22,"minecraft:iron_ingot":59,"minecraft:iron_pickaxe":2,"minecraft:iron_leggings":2,"minecraft:white_bed":1,"minecraft:acacia_planks":44,"minecraft:torch":8,"minecraft:clay":12},"minecraft:picked_up":{"minecraft:cocoa_beans":6,"minecraft:crafting_table":4,"minecraft:iron_chestplate":1,"minecraft:chicken":7,"minecraft:clay_ball":64,"minecraft:brewing_stand":1,"minecraft:shield":1,"minecraft:amethyst_block":29,"minecraft:string":4,"minecraft:red_bed":1,"minecraft:raw_copper":12,"minecraft:cobbled_deepslate":137,"minecraft:bucket":1,"minecraft:beef":3,"minecraft:calcite":15,"minecraft:azalea":5,"minecraft:poppy":7,"minecraft:iron_pickaxe":3,"minecraft:lectern":60,"minecraft:chest":1,"minecraft:furnace":4,"minecraft:stick":16,"minecraft:raw_iron":45,"minecraft:big_dripleaf":2,"minecraft:torch":1,"minecraft:acacia_log":104,"minecraft:porkchop":6,"minecraft:pointed_dripstone":2,"minecraft:diorite":1,"minecraft:redstone":5,"minecraft:orange_bed":6,"minecraft:rotten_flesh":25,"minecraft:arrow":1,"minecraft:tropical_fish":12,"minecraft:hay_block":37,"minecraft:obsidian":10,"minecraft:glow_berries":23,"minecraft:mutton":6,"minecraft:rail":71,"minecraft:white_wool":2,"minecraft:cobblestone":149,"minecraft:feather":5,"minecraft:jungle_log":6,"minecraft:andesite":17,"minecraft:leather":3,"minecraft:acacia_wood":39,"minecraft:potato":1,"minecraft:birch_planks":3,"minecraft:crimson_fungus":1,"minecraft:tuff":19,"minecraft:oak_log":26,"minecraft:acacia_boat":1,"minecraft:lapis_lazuli":26,"minecraft:dirt":57,"minecraft:twisting_vines":3,"minecraft:bone":3,"minecraft:apple":1,"minecraft:wheat_seeds":23,"minecraft:warped_stem":27,"minecraft:iron_ingot":21,"minecraft:stone_pickaxe":1,"minecraft:bamboo":9,"minecraft:moss_block":12,"minecraft:acacia_sapling":17,"minecraft:smooth_basalt":2,"minecraft:warped_wart_block":17,"minecraft:gravel":2,"minecraft:raw_iron_block":1,"minecraft:dripstone_block":6,"minecraft:jungle_planks":3,"minecraft:acacia_stairs":3,"minecraft:spider_eye":1,"minecraft:mossy_cobblestone":2,"minecraft:clay":3,"minecraft:diamond":18,"minecraft:granite":14,"minecraft:gray_wool":1,"minecraft:bread":7,"minecraft:warped_roots":1,"minecraft:oak_sapling":3,"minecraft:netherrack":226,"minecraft:warped_nylium":1,"minecraft:coal":63,"minecraft:crimson_roots":3,"minecraft:ender_pearl":1},"minecraft:dropped":{"minecraft:bread":64,"minecraft:iron_ingot":3,"minecraft:acacia_boat":1,"minecraft:porkchop":2,"minecraft:wheat_seeds":16,"minecraft:glow_berries":5,"minecraft:iron_helmet":1,"minecraft:rail":6,"minecraft:coal":8,"minecraft:dirt":2,"minecraft:iron_leggings":1,"minecraft:iron_axe":1,"minecraft:iron_pickaxe":2,"minecraft:orange_bed":1,"minecraft:paper":24,"minecraft:gravel":1,"minecraft:rotten_flesh":4,"minecraft:iron_boots":1,"minecraft:iron_chestplate":1,"minecraft:azalea":1,"minecraft:spider_eye":1,"minecraft:wooden_pickaxe":1,"minecraft:stone_pickaxe":2,"minecraft:warped_wart_block":1,"minecraft:netherrack":2},"minecraft:killed_by":{"minecraft:skeleton":1},"minecraft:custom":{"minecraft:mob_kills":59,"minecraft:open_barrel":1,"minecraft:interact_with_crafting_table":36,"minecraft:leave_game":6,"minecraft:time_since_death":250720,"minecraft:climb_one_cm":2992,"minecraft:sprint_one_cm":514962,"minecraft:walk_one_cm":623587,"minecraft:damage_blocked_by_shield":1077,"minecraft:drop":87,"minecraft:talked_to_villager":118,"minecraft:play_time":273327,"minecraft:deaths":1,"minecraft:sneak_time":23636,"minecraft:walk_under_water_one_cm":50067,"minecraft:boat_one_cm":34566,"minecraft:jump":4893,"minecraft:walk_on_water_one_cm":40097,"minecraft:total_world_time":273327,"minecraft:interact_with_furnace":54,"minecraft:traded_with_villager":1,"minecraft:sleep_in_bed":6,"minecraft:time_since_rest":18579,"minecraft:damage_taken":3595,"minecraft:damage_absorbed":32,"minecraft:damage_dealt":12782,"minecraft:player_kills":1,"minecraft:swim_one_cm":81179,"minecraft:fly_one_cm":847758,"minecraft:open_chest":80,"minecraft:crouch_one_cm":59455,"minecraft:interact_with_smoker":1,"minecraft:fall_one_cm":118635,"minecraft:horse_one_cm":606541}},"DataVersion":3578}