{"stats":{"minecraft:mined":{"minecraft:podzol":1,"minecraft:tuff":16,"minecraft:glass_pane":3,"minecraft:red_bed":1,"minecraft:deepslate_diamond_ore":1,"minecraft:brewing_stand":1,"minecraft:crafting_table":1,"minecraft:clay":20,"minecraft:cave_vines_plant":10,"minecraft:grass_block":14,"minecraft:jungle_log":4,"minecraft:tall_grass":3,"minecraft:moss_block":4,"minecraft:diorite":3,"minecraft:hay_block":37,"minecraft:furnace":3,"minecraft:iron_ore":3,"minecraft:fire":1,"minecraft:andesite":1,"minecraft:big_dripleaf_stem":2,"minecraft:grass":23,"minecraft:dirt_path":4,"minecraft:cocoa":2,"minecraft:coal_ore":11,"minecraft:cave_vines":11,"minecraft:rail":65,"minecraft:deepslate_iron_ore":9,"minecraft:dirt":7,"minecraft:bamboo":1,"minecraft:stone":16,"minecraft:orange_bed":5,"minecraft:deepslate":21},"minecraft:used":{"minecraft:cooked_mutton":2,"minecraft:azalea":2,"minecraft:water_bucket":45,"minecraft:diorite":1,"minecraft:tropical_fish":12,"minecraft:stone_pickaxe":65,"minecraft:wooden_pickaxe":3,"minecraft:shield":11,"minecraft:iron_sword":23,"minecraft:clay":12,"minecraft:cooked_chicken":4,"minecraft:rotten_flesh":3,"minecraft:orange_bed":5,"minecraft:glow_berries":18,"minecraft:dirt":24,"minecraft:crafting_table":1,"minecraft:red_bed":1,"minecraft:white_bed":1,"minecraft:tuff":12,"minecraft:apple":1,"minecraft:iron_pickaxe":143,"minecraft:cobblestone":13,"minecraft:furnace":2,"minecraft:bucket":46,"minecraft:andesite":2,"minecraft:cobbled_deepslate":21},"minecraft:killed":{"minecraft:pig":1,"minecraft:spider":1,"minecraft:sheep":4,"minecraft:horse":2,"minecraft:zombie":3,"minecraft:chicken":7,"minecraft:cow":2},"minecraft:crafted":{"minecraft:crafting_table":1,"minecraft:wooden_pickaxe":1,"minecraft:cooked_chicken":7,"minecraft:iron_sword":1,"minecraft:bucket":1,"minecraft:bread":111,"minecraft:cooked_mutton":4,"minecraft:air":0,"minecraft:jungle_planks":24,"minecraft:iron_chestplate":1,"minecraft:shield":1,"minecraft:stick":10,"minecraft:iron_ingot":23,"minecraft:iron_pickaxe":1,"minecraft:stone_pickaxe":1,"minecraft:white_bed":1,"minecraft:wheat":333,"minecraft:clay":12},"minecraft:picked_up":{"minecraft:cocoa_beans":6,"minecraft:crafting_table":2,"minecraft:iron_chestplate":1,"minecraft:feather":5,"minecraft:chicken":7,"minecraft:clay_ball":64,"minecraft:andesite":2,"minecraft:jungle_log":6,"minecraft:leather":3,"minecraft:tuff":14,"minecraft:brewing_stand":1,"minecraft:shield":1,"minecraft:string":2,"minecraft:dirt":24,"minecraft:red_bed":1,"minecraft:apple":1,"minecraft:wheat_seeds":3,"minecraft:cobbled_deepslate":21,"minecraft:bucket":1,"minecraft:beef":3,"minecraft:iron_ingot":5,"minecraft:stone_pickaxe":1,"minecraft:azalea":5,"minecraft:iron_pickaxe":1,"minecraft:bamboo":9,"minecraft:moss_block":12,"minecraft:furnace":3,"minecraft:raw_iron":12,"minecraft:big_dripleaf":2,"minecraft:porkchop":1,"minecraft:jungle_planks":3,"minecraft:diorite":1,"minecraft:spider_eye":1,"minecraft:orange_bed":6,"minecraft:rotten_flesh":3,"minecraft:clay":3,"minecraft:diamond":2,"minecraft:tropical_fish":12,"minecraft:hay_block":37,"minecraft:gray_wool":1,"minecraft:glow_berries":23,"minecraft:mutton":4,"minecraft:coal":40,"minecraft:white_wool":1,"minecraft:rail":65,"minecraft:cobblestone":16},"minecraft:dropped":{"minecraft:bread":57,"minecraft:iron_ingot":3,"minecraft:glow_berries":5,"minecraft:coal":8,"minecraft:azalea":1,"minecraft:spider_eye":1,"minecraft:wooden_pickaxe":1,"minecraft:stone_pickaxe":2,"minecraft:orange_bed":1},"minecraft:killed_by":{"minecraft:skeleton":1},"minecraft:custom":{"minecraft:interact_with_furnace":29,"minecraft:mob_kills":20,"minecraft:interact_with_crafting_table":14,"minecraft:leave_game":2,"minecraft:time_since_death":44014,"minecraft:sleep_in_bed":1,"minecraft:climb_one_cm":1383,"minecraft:time_since_rest":2086,"minecraft:sprint_one_cm":136019,"minecraft:damage_taken":829,"minecraft:walk_one_cm":168332,"minecraft:damage_blocked_by_shield":340,"minecraft:drop":14,"minecraft:damage_dealt":1929,"minecraft:talked_to_villager":9,"minecraft:swim_one_cm":9937,"minecraft:fly_one_cm":166800,"minecraft:open_chest":11,"minecraft:crouch_one_cm":16138,"minecraft:play_time":66621,"minecraft:deaths":1,"minecraft:sneak_time":6590,"minecraft:walk_under_water_one_cm":22912,"minecraft:boat_one_cm":30589,"minecraft:jump":1050,"minecraft:walk_on_water_one_cm":22483,"minecraft:interact_with_smoker":1,"minecraft:total_world_time":66621,"minecraft:fall_one_cm":25651,"minecraft:horse_one_cm":116268}},"DataVersion":3578}