{"stats":{"minecraft:mined":{"minecraft:large_amethyst_bud":1,"minecraft:spruce_planks":1,"minecraft:jungle_leaves":1,"minecraft:brewing_stand":1,"minecraft:obsidian":10,"minecraft:granite":14,"minecraft:cave_vines_plant":10,"minecraft:budding_amethyst":2,"minecraft:acacia_log":107,"minecraft:grass_block":41,"minecraft:jungle_log":4,"minecraft:spawner":1,"minecraft:tall_seagrass":1,"minecraft:raw_iron_block":1,"minecraft:cobbled_deepslate":2,"minecraft:iron_ore":7,"minecraft:fire":6,"minecraft:twisting_vines":4,"minecraft:pointed_dripstone":2,"minecraft:cave_vines":11,"minecraft:dirt_path":9,"minecraft:orange_bed":5,"minecraft:deepslate_redstone_ore":1,"minecraft:red_bed":1,"minecraft:blackstone":25,"minecraft:twisting_vines_plant":2,"minecraft:crimson_nylium":13,"minecraft:clay":20,"minecraft:calcite":15,"minecraft:chest":1,"minecraft:nether_quartz_ore":78,"minecraft:cobblestone":21,"minecraft:oak_planks":2,"minecraft:sugar_cane":45,"minecraft:amethyst_block":29,"minecraft:warped_nylium":30,"minecraft:wheat":12,"minecraft:grass":142,"minecraft:oak_log":26,"minecraft:acacia_fence":10,"minecraft:dirt":20,"minecraft:crimson_planks":1,"minecraft:smooth_basalt":2,"minecraft:netherrack":2352,"minecraft:oak_leaves":6,"minecraft:deepslate":158,"minecraft:yellow_terracotta":1,"minecraft:nether_gold_ore":2,"minecraft:tuff":21,"minecraft:mossy_cobblestone":2,"minecraft:deepslate_diamond_ore":17,"minecraft:spruce_leaves":5,"minecraft:acacia_slab":2,"minecraft:moss_block":4,"minecraft:kelp":1,"minecraft:hay_block":37,"minecraft:spruce_sapling":2,"minecraft:furnace":4,"minecraft:acacia_wood":39,"minecraft:acacia_stairs":5,"minecraft:andesite":16,"minecraft:big_dripleaf_stem":2,"minecraft:deepslate_iron_ore":38,"minecraft:rail":72,"minecraft:warped_stem":28,"minecraft:bamboo":1,"minecraft:stone":140,"minecraft:podzol":1,"minecraft:acacia_leaves":9,"minecraft:glass_pane":3,"minecraft:crafting_table":3,"minecraft:warped_roots":1,"minecraft:lectern":60,"minecraft:tall_grass":14,"minecraft:copper_ore":3,"minecraft:lapis_ore":4,"minecraft:diorite":3,"minecraft:warped_wart_block":17,"minecraft:birch_planks":3,"minecraft:spruce_log":450,"minecraft:coal_ore":16,"minecraft:cocoa":2,"minecraft:dripstone_block":6,"minecraft:gravel":9,"minecraft:cobweb":1,"minecraft:acacia_planks":1},"minecraft:broken":{"minecraft:iron_pickaxe":1,"minecraft:iron_helmet":1},"minecraft:used":{"minecraft:chest":8,"minecraft:shield":50,"minecraft:iron_sword":161,"minecraft:rotten_flesh":3,"minecraft:acacia_sapling":1,"minecraft:tuff":15,"minecraft:obsidian":10,"minecraft:lava_bucket":5,"minecraft:warped_nylium":1,"minecraft:iron_helmet":2,"minecraft:furnace":5,"minecraft:diorite":1,"minecraft:stone_pickaxe":65,"minecraft:oak_planks":4,"minecraft:ender_pearl":1,"minecraft:wooden_pickaxe":3,"minecraft:diamond_axe":452,"minecraft:clay":12,"minecraft:golden_apple":1,"minecraft:white_wool":3,"minecraft:glow_berries":18,"minecraft:bread":65,"minecraft:lectern":61,"minecraft:gravel":1,"minecraft:diamond_sword":174,"minecraft:andesite":2,"minecraft:azalea":2,"minecraft:tropical_fish":12,"minecraft:spruce_planks":1,"minecraft:cooked_chicken":7,"minecraft:netherrack":718,"minecraft:orange_bed":5,"minecraft:torch":16,"minecraft:dirt":48,"minecraft:warped_wart_block":16,"minecraft:twisting_vines":3,"minecraft:granite":3,"minecraft:iron_axe":306,"minecraft:iron_boots":1,"minecraft:smooth_basalt":2,"minecraft:diamond_chestplate":1,"minecraft:cooked_beef":29,"minecraft:cobbled_deepslate":137,"minecraft:iron_leggings":1,"minecraft:cooked_mutton":2,"minecraft:water_bucket":76,"minecraft:amethyst_block":6,"minecraft:birch_planks":3,"minecraft:crafting_table":4,"minecraft:red_bed":1,"minecraft:white_bed":1,"minecraft:warped_planks":108,"minecraft:spruce_log":1,"minecraft:oak_log":3,"minecraft:diamond_pickaxe":2687,"minecraft:acacia_stairs":3,"minecraft:apple":1,"minecraft:iron_pickaxe":441,"minecraft:spruce_sapling":30,"minecraft:crimson_fungus":1,"minecraft:cobblestone":136,"minecraft:bucket":82},"minecraft:killed":{"minecraft:cave_spider":1,"minecraft:spider":5,"minecraft:skeleton":4,"minecraft:chicken":7,"minecraft:piglin":4,"minecraft:pig":3,"minecraft:iron_golem":4,"minecraft:creeper":2,"minecraft:sheep":5,"minecraft:zombie":45,"minecraft:cow":5,"minecraft:horse":4,"minecraft:enderman":1},"minecraft:crafted":{"minecraft:oak_planks":92,"minecraft:cooked_chicken":7,"minecraft:bookshelf":1,"minecraft:cooked_mutton":4,"minecraft:warped_planks":108,"minecraft:glass":159,"minecraft:bow":1,"minecraft:iron_boots":3,"minecraft:chest":6,"minecraft:oak_slab":6,"minecraft:emerald":103,"minecraft:diamond_axe":1,"minecraft:crafting_table":2,"minecraft:spruce_planks":1536,"minecraft:wooden_pickaxe":1,"minecraft:iron_helmet":3,"minecraft:lectern":1,"minecraft:iron_chestplate":2,"minecraft:book":13,"minecraft:paper":183,"minecraft:diamond_pickaxe":1,"minecraft:shield":1,"minecraft:stick":3642,"minecraft:iron_ingot":59,"minecraft:iron_pickaxe":2,"minecraft:raw_iron":9,"minecraft:furnace":1,"minecraft:iron_axe":3,"minecraft:stone_pickaxe":1,"minecraft:wheat":333,"minecraft:cooked_beef":41,"minecraft:diamond_sword":1,"minecraft:iron_sword":1,"minecraft:bucket":1,"minecraft:enchanted_book":1,"minecraft:bread":111,"minecraft:air":0,"minecraft:jungle_planks":24,"minecraft:iron_leggings":2,"minecraft:white_bed":1,"minecraft:acacia_planks":572,"minecraft:torch":8,"minecraft:clay":12,"minecraft:diamond_chestplate":1},"minecraft:dropped":{"minecraft:acacia_boat":1,"minecraft:porkchop":5,"minecraft:cooked_beef":1,"minecraft:glow_berries":5,"minecraft:rail":6,"minecraft:flint":4,"minecraft:emerald":177,"minecraft:dirt":7,"minecraft:mutton":2,"minecraft:gold_nugget":6,"minecraft:iron_pickaxe":2,"minecraft:white_wool":1,"minecraft:bone":1,"minecraft:gravel":3,"minecraft:crimson_fungus":1,"minecraft:blackstone":23,"minecraft:wheat":7,"minecraft:rotten_flesh":14,"minecraft:oak_planks":1,"minecraft:acacia_stairs":3,"minecraft:acacia_slab":2,"minecraft:azalea":1,"minecraft:beef":7,"minecraft:warped_wart_block":1,"minecraft:acacia_fence":9,"minecraft:netherrack":1094,"minecraft:iron_ingot":3,"minecraft:bread":66,"minecraft:oak_slab":2,"minecraft:wheat_seeds":57,"minecraft:iron_helmet":1,"minecraft:book":10,"minecraft:coal":8,"minecraft:stick":4,"minecraft:iron_leggings":1,"minecraft:iron_axe":3,"minecraft:orange_bed":1,"minecraft:paper":24,"minecraft:spruce_sapling":16,"minecraft:kelp":1,"minecraft:iron_boots":2,"minecraft:iron_chestplate":2,"minecraft:oak_sapling":2,"minecraft:spider_eye":1,"minecraft:stone_pickaxe":2,"minecraft:wooden_pickaxe":1},"minecraft:picked_up":{"minecraft:iron_chestplate":1,"minecraft:wheat":9,"minecraft:enchanted_book":13,"minecraft:brewing_stand":1,"minecraft:amethyst_block":29,"minecraft:string":6,"minecraft:raw_copper":12,"minecraft:gold_nugget":6,"minecraft:cobbled_deepslate":137,"minecraft:bucket":1,"minecraft:spruce_planks":1,"minecraft:azalea":5,"minecraft:calcite":15,"minecraft:iron_pickaxe":3,"minecraft:furnace":4,"minecraft:stick":34,"minecraft:acacia_fence":9,"minecraft:big_dripleaf":2,"minecraft:torch":2,"minecraft:acacia_log":104,"minecraft:porkchop":6,"minecraft:pointed_dripstone":2,"minecraft:diorite":1,"minecraft:orange_bed":6,"minecraft:rotten_flesh":37,"minecraft:tropical_fish":12,"minecraft:obsidian":10,"minecraft:cobblestone":149,"minecraft:feather":5,"minecraft:cooked_beef":1,"minecraft:andesite":17,"minecraft:jungle_log":6,"minecraft:potato":1,"minecraft:flint":4,"minecraft:tuff":19,"minecraft:acacia_boat":1,"minecraft:dirt":62,"minecraft:lapis_lazuli":26,"minecraft:twisting_vines":3,"minecraft:bone":4,"minecraft:wheat_seeds":68,"minecraft:bamboo":9,"minecraft:moss_block":12,"minecraft:oak_planks":1,"minecraft:warped_wart_block":17,"minecraft:jungle_planks":3,"minecraft:acacia_stairs":6,"minecraft:mossy_cobblestone":2,"minecraft:clay":3,"minecraft:diamond":18,"minecraft:granite":14,"minecraft:bread":7,"minecraft:emerald":38,"minecraft:oak_sapling":3,"minecraft:netherrack":2081,"minecraft:crimson_roots":3,"minecraft:cocoa_beans":6,"minecraft:crafting_table":4,"minecraft:chicken":7,"minecraft:clay_ball":64,"minecraft:shield":1,"minecraft:red_bed":1,"minecraft:iron_axe":1,"minecraft:blackstone":23,"minecraft:beef":10,"minecraft:poppy":7,"minecraft:lectern":60,"minecraft:sugar_cane":87,"minecraft:chest":1,"minecraft:raw_iron":45,"minecraft:redstone":5,"minecraft:arrow":3,"minecraft:hay_block":37,"minecraft:yellow_terracotta":1,"minecraft:mutton":6,"minecraft:glow_berries":23,"minecraft:white_wool":2,"minecraft:rail":71,"minecraft:leather":11,"minecraft:acacia_wood":39,"minecraft:birch_planks":3,"minecraft:crimson_fungus":2,"minecraft:oak_log":26,"minecraft:gunpowder":3,"minecraft:apple":1,"minecraft:kelp":1,"minecraft:warped_stem":27,"minecraft:iron_ingot":21,"minecraft:stone_pickaxe":1,"minecraft:acacia_sapling":17,"minecraft:book":5,"minecraft:smooth_basalt":2,"minecraft:quartz":150,"minecraft:raw_iron_block":1,"minecraft:dripstone_block":6,"minecraft:gravel":4,"minecraft:spruce_sapling":46,"minecraft:spruce_log":450,"minecraft:spider_eye":1,"minecraft:gray_wool":1,"minecraft:warped_roots":1,"minecraft:acacia_slab":2,"minecraft:warped_nylium":1,"minecraft:coal":63,"minecraft:ender_pearl":1},"minecraft:killed_by":{"minecraft:skeleton":1},"minecraft:custom":{"minecraft:animals_bred":1,"minecraft:interact_with_crafting_table":50,"minecraft:open_barrel":8,"minecraft:leave_game":8,"minecraft:time_since_death":383177,"minecraft:sprint_one_cm":843716,"minecraft:damage_blocked_by_shield":1107,"minecraft:drop":169,"minecraft:talked_to_villager":144,"minecraft:play_time":405784,"minecraft:deaths":1,"minecraft:jump":7573,"minecraft:walk_on_water_one_cm":41802,"minecraft:interact_with_furnace":73,"minecraft:traded_with_villager":104,"minecraft:sleep_in_bed":10,"minecraft:damage_dealt":19318,"minecraft:player_kills":1,"minecraft:crouch_one_cm":70548,"minecraft:interact_with_smoker":1,"minecraft:horse_one_cm":606541,"minecraft:mob_kills":93,"minecraft:interact_with_anvil":9,"minecraft:climb_one_cm":2992,"minecraft:walk_one_cm":1020842,"minecraft:sneak_time":32281,"minecraft:walk_under_water_one_cm":52191,"minecraft:boat_one_cm":212424,"minecraft:total_world_time":405784,"minecraft:time_since_rest":48575,"minecraft:damage_taken":5422,"minecraft:damage_absorbed":32,"minecraft:swim_one_cm":101667,"minecraft:fly_one_cm":1475490,"minecraft:open_chest":134,"minecraft:fall_one_cm":174164}},"DataVersion":3578}