{"stats":{"minecraft:mined":{"minecraft:large_amethyst_bud":1,"minecraft:spruce_planks":1,"minecraft:jungle_leaves":1,"minecraft:brewing_stand":1,"minecraft:obsidian":10,"minecraft:granite":14,"minecraft:cave_vines_plant":10,"minecraft:budding_amethyst":2,"minecraft:acacia_log":107,"minecraft:stone_brick_wall":2,"minecraft:grass_block":49,"minecraft:jungle_log":4,"minecraft:spawner":1,"minecraft:tall_seagrass":1,"minecraft:raw_iron_block":1,"minecraft:cobbled_deepslate":2,"minecraft:iron_ore":7,"minecraft:fire":6,"minecraft:azure_bluet":1,"minecraft:twisting_vines":4,"minecraft:pointed_dripstone":2,"minecraft:cave_vines":11,"minecraft:dirt_path":9,"minecraft:spruce_pressure_plate":1,"minecraft:orange_bed":5,"minecraft:deepslate_redstone_ore":1,"minecraft:red_bed":2,"minecraft:blackstone":25,"minecraft:twisting_vines_plant":2,"minecraft:crimson_nylium":13,"minecraft:clay":20,"minecraft:calcite":15,"minecraft:chest":1,"minecraft:spruce_wall_sign":2,"minecraft:glass":1,"minecraft:nether_quartz_ore":78,"minecraft:cobblestone":21,"minecraft:oak_planks":4,"minecraft:sugar_cane":45,"minecraft:amethyst_block":29,"minecraft:warped_nylium":30,"minecraft:wheat":12,"minecraft:grass":1305,"minecraft:oak_log":26,"minecraft:acacia_fence":10,"minecraft:dirt":36,"minecraft:crimson_planks":1,"minecraft:smooth_basalt":2,"minecraft:netherrack":2415,"minecraft:oak_leaves":6,"minecraft:deepslate":158,"minecraft:yellow_terracotta":1,"minecraft:nether_gold_ore":2,"minecraft:tuff":21,"minecraft:mossy_cobblestone":2,"minecraft:deepslate_diamond_ore":17,"minecraft:spruce_leaves":5,"minecraft:acacia_slab":2,"minecraft:kelp":1,"minecraft:moss_block":4,"minecraft:hay_block":37,"minecraft:spruce_sapling":2,"minecraft:furnace":4,"minecraft:acacia_wood":39,"minecraft:acacia_stairs":5,"minecraft:andesite":18,"minecraft:big_dripleaf_stem":2,"minecraft:potatoes":21,"minecraft:deepslate_iron_ore":38,"minecraft:rail":156,"minecraft:warped_stem":28,"minecraft:bamboo":1,"minecraft:stone":220,"minecraft:podzol":1,"minecraft:acacia_leaves":9,"minecraft:glass_pane":3,"minecraft:dandelion":1,"minecraft:crafting_table":4,"minecraft:warped_roots":1,"minecraft:lectern":60,"minecraft:tall_grass":43,"minecraft:copper_ore":3,"minecraft:lapis_ore":4,"minecraft:diorite":3,"minecraft:warped_wart_block":17,"minecraft:birch_planks":3,"minecraft:spruce_log":450,"minecraft:coal_ore":20,"minecraft:cocoa":2,"minecraft:dripstone_block":6,"minecraft:gravel":9,"minecraft:cobweb":1,"minecraft:acacia_planks":1},"minecraft:broken":{"minecraft:iron_pickaxe":1,"minecraft:iron_helmet":1},"minecraft:used":{"minecraft:chest":8,"minecraft:shield":50,"minecraft:stone":322,"minecraft:iron_sword":161,"minecraft:rotten_flesh":3,"minecraft:acacia_sapling":1,"minecraft:tuff":15,"minecraft:obsidian":10,"minecraft:glass":144,"minecraft:lava_bucket":6,"minecraft:warped_nylium":1,"minecraft:iron_helmet":2,"minecraft:furnace":5,"minecraft:egg":3,"minecraft:potato":37,"minecraft:diorite":1,"minecraft:stone_pickaxe":65,"minecraft:oak_planks":4,"minecraft:ender_pearl":1,"minecraft:wooden_pickaxe":3,"minecraft:diamond_axe":453,"minecraft:clay":12,"minecraft:jungle_boat":1,"minecraft:white_wool":3,"minecraft:golden_apple":1,"minecraft:glow_berries":18,"minecraft:stone_brick_wall":68,"minecraft:bread":78,"minecraft:lectern":61,"minecraft:gravel":1,"minecraft:diamond_sword":243,"minecraft:andesite":2,"minecraft:oak_boat":1,"minecraft:azalea":2,"minecraft:tropical_fish":12,"minecraft:spruce_planks":1,"minecraft:cooked_chicken":7,"minecraft:netherrack":885,"minecraft:orange_bed":5,"minecraft:torch":16,"minecraft:dirt":80,"minecraft:warped_wart_block":16,"minecraft:twisting_vines":3,"minecraft:granite":3,"minecraft:iron_axe":306,"minecraft:iron_boots":1,"minecraft:smooth_basalt":2,"minecraft:diamond_chestplate":1,"minecraft:minecart":3,"minecraft:cooked_beef":41,"minecraft:cobbled_deepslate":137,"minecraft:iron_leggings":1,"minecraft:cooked_mutton":2,"minecraft:water_bucket":140,"minecraft:amethyst_block":6,"minecraft:birch_planks":3,"minecraft:baked_potato":14,"minecraft:spruce_sign":21,"minecraft:rail":212,"minecraft:crafting_table":4,"minecraft:red_bed":1,"minecraft:white_bed":1,"minecraft:spruce_log":1,"minecraft:warped_planks":108,"minecraft:oak_log":3,"minecraft:diamond_pickaxe":2927,"minecraft:acacia_stairs":3,"minecraft:apple":1,"minecraft:chicken":2,"minecraft:iron_pickaxe":441,"minecraft:spruce_pressure_plate":11,"minecraft:spruce_sapling":30,"minecraft:crimson_fungus":1,"minecraft:cobblestone":138,"minecraft:bucket":151},"minecraft:killed":{"minecraft:cave_spider":1,"minecraft:spider":7,"minecraft:skeleton":5,"minecraft:chicken":8,"minecraft:piglin":4,"minecraft:pig":3,"minecraft:iron_golem":4,"minecraft:creeper":4,"minecraft:sheep":5,"minecraft:trader_llama":2,"minecraft:zombie":50,"minecraft:cow":5,"minecraft:horse":4,"minecraft:wandering_trader":2,"minecraft:squid":1,"minecraft:villager":2,"minecraft:enderman":1},"minecraft:crafted":{"minecraft:oak_planks":92,"minecraft:cooked_chicken":7,"minecraft:stone":19,"minecraft:bookshelf":1,"minecraft:cooked_mutton":4,"minecraft:warped_planks":108,"minecraft:hopper":25,"minecraft:glass":159,"minecraft:bow":1,"minecraft:iron_boots":3,"minecraft:chest":31,"minecraft:rail":64,"minecraft:oak_slab":6,"minecraft:emerald":103,"minecraft:diamond_axe":1,"minecraft:crafting_table":2,"minecraft:spruce_planks":1796,"minecraft:baked_potato":24,"minecraft:wooden_pickaxe":1,"minecraft:iron_helmet":3,"minecraft:lectern":1,"minecraft:iron_chestplate":2,"minecraft:book":13,"minecraft:paper":183,"minecraft:diamond_pickaxe":1,"minecraft:shield":1,"minecraft:stick":3674,"minecraft:iron_ingot":59,"minecraft:iron_pickaxe":2,"minecraft:redstone_torch":9,"minecraft:composter":26,"minecraft:redstone":45,"minecraft:raw_iron":9,"minecraft:furnace":1,"minecraft:piston":9,"minecraft:iron_axe":3,"minecraft:spruce_slab":192,"minecraft:stone_pickaxe":1,"minecraft:minecart":2,"minecraft:wheat":333,"minecraft:cooked_beef":41,"minecraft:diamond_sword":1,"minecraft:spruce_sign":27,"minecraft:iron_sword":1,"minecraft:bucket":4,"minecraft:enchanted_book":1,"minecraft:bread":111,"minecraft:air":0,"minecraft:jungle_planks":24,"minecraft:iron_leggings":3,"minecraft:white_bed":1,"minecraft:acacia_planks":572,"minecraft:torch":8,"minecraft:clay":12,"minecraft:diamond_chestplate":1},"minecraft:dropped":{"minecraft:acacia_boat":1,"minecraft:porkchop":5,"minecraft:cooked_beef":1,"minecraft:glow_berries":5,"minecraft:rail":35,"minecraft:emerald":177,"minecraft:flint":4,"minecraft:dirt":8,"minecraft:mutton":2,"minecraft:gold_nugget":6,"minecraft:iron_pickaxe":2,"minecraft:white_wool":1,"minecraft:bone":1,"minecraft:gravel":3,"minecraft:crimson_fungus":1,"minecraft:blackstone":23,"minecraft:wheat":7,"minecraft:rotten_flesh":17,"minecraft:oak_planks":1,"minecraft:azure_bluet":1,"minecraft:acacia_stairs":3,"minecraft:gunpowder":5,"minecraft:stone_brick_wall":118,"minecraft:acacia_slab":2,"minecraft:azalea":1,"minecraft:glass":13,"minecraft:beef":7,"minecraft:warped_wart_block":1,"minecraft:acacia_fence":9,"minecraft:netherrack":1094,"minecraft:water_bucket":3,"minecraft:iron_ingot":3,"minecraft:bread":70,"minecraft:oak_slab":2,"minecraft:wheat_seeds":75,"minecraft:yellow_terracotta":1,"minecraft:iron_helmet":1,"minecraft:cobblestone":29,"minecraft:book":10,"minecraft:coal":8,"minecraft:stick":4,"minecraft:ink_sac":2,"minecraft:torch":1,"minecraft:iron_leggings":2,"minecraft:iron_axe":3,"minecraft:orange_bed":1,"minecraft:paper":24,"minecraft:string":2,"minecraft:bucket":1,"minecraft:spruce_sapling":16,"minecraft:kelp":1,"minecraft:composter":26,"minecraft:iron_boots":2,"minecraft:potato":11,"minecraft:iron_chestplate":2,"minecraft:oak_sapling":2,"minecraft:spider_eye":1,"minecraft:stone_pickaxe":2,"minecraft:wooden_pickaxe":1},"minecraft:picked_up":{"minecraft:iron_chestplate":1,"minecraft:wheat":9,"minecraft:lead":4,"minecraft:enchanted_book":13,"minecraft:brewing_stand":1,"minecraft:amethyst_block":29,"minecraft:string":8,"minecraft:raw_copper":12,"minecraft:gold_nugget":6,"minecraft:cobbled_deepslate":137,"minecraft:bucket":3,"minecraft:spruce_planks":1,"minecraft:azalea":5,"minecraft:calcite":15,"minecraft:iron_pickaxe":3,"minecraft:furnace":4,"minecraft:spruce_pressure_plate":26,"minecraft:stick":34,"minecraft:acacia_fence":9,"minecraft:big_dripleaf":2,"minecraft:torch":2,"minecraft:acacia_log":104,"minecraft:porkchop":6,"minecraft:pointed_dripstone":2,"minecraft:diorite":1,"minecraft:orange_bed":6,"minecraft:rotten_flesh":39,"minecraft:tropical_fish":12,"minecraft:obsidian":10,"minecraft:cobblestone":221,"minecraft:cooked_beef":1,"minecraft:feather":5,"minecraft:water_bucket":3,"minecraft:andesite":19,"minecraft:jungle_log":6,"minecraft:potato":78,"minecraft:flint":4,"minecraft:tuff":19,"minecraft:acacia_boat":1,"minecraft:dirt":97,"minecraft:lapis_lazuli":26,"minecraft:glass":13,"minecraft:twisting_vines":3,"minecraft:bone":4,"minecraft:wheat_seeds":192,"minecraft:bamboo":9,"minecraft:moss_block":12,"minecraft:oak_planks":2,"minecraft:cooked_porkchop":3,"minecraft:warped_wart_block":17,"minecraft:jungle_planks":3,"minecraft:ink_sac":2,"minecraft:acacia_stairs":6,"minecraft:mossy_cobblestone":2,"minecraft:clay":3,"minecraft:diamond":18,"minecraft:granite":14,"minecraft:spruce_sign":23,"minecraft:bread":24,"minecraft:emerald":38,"minecraft:oak_sapling":3,"minecraft:netherrack":2121,"minecraft:crimson_roots":3,"minecraft:cocoa_beans":6,"minecraft:crafting_table":5,"minecraft:azure_bluet":1,"minecraft:chicken":9,"minecraft:clay_ball":64,"minecraft:stone_brick_wall":2,"minecraft:shield":1,"minecraft:red_bed":1,"minecraft:iron_axe":1,"minecraft:blackstone":23,"minecraft:beef":10,"minecraft:oak_boat":1,"minecraft:minecart":3,"minecraft:poppy":7,"minecraft:lectern":60,"minecraft:sugar_cane":87,"minecraft:chest":1,"minecraft:egg":3,"minecraft:raw_iron":45,"minecraft:stone":467,"minecraft:redstone":5,"minecraft:arrow":5,"minecraft:hay_block":37,"minecraft:yellow_terracotta":1,"minecraft:glow_berries":23,"minecraft:mutton":6,"minecraft:rail":150,"minecraft:white_wool":2,"minecraft:jungle_boat":1,"minecraft:leather":13,"minecraft:acacia_wood":39,"minecraft:birch_planks":3,"minecraft:crimson_fungus":2,"minecraft:oak_log":26,"minecraft:gunpowder":5,"minecraft:apple":1,"minecraft:kelp":1,"minecraft:warped_stem":27,"minecraft:iron_ingot":21,"minecraft:stone_pickaxe":1,"minecraft:acacia_sapling":17,"minecraft:book":5,"minecraft:smooth_basalt":2,"minecraft:quartz":150,"minecraft:raw_iron_block":1,"minecraft:dripstone_block":6,"minecraft:gravel":4,"minecraft:spruce_sapling":46,"minecraft:spruce_log":450,"minecraft:spider_eye":1,"minecraft:gray_wool":1,"minecraft:warped_roots":1,"minecraft:acacia_slab":2,"minecraft:warped_nylium":1,"minecraft:coal":73,"minecraft:ender_pearl":1},"minecraft:killed_by":{"minecraft:skeleton":1},"minecraft:custom":{"minecraft:animals_bred":1,"minecraft:interact_with_crafting_table":72,"minecraft:open_barrel":9,"minecraft:leave_game":9,"minecraft:time_since_death":595055,"minecraft:sprint_one_cm":1232460,"minecraft:damage_blocked_by_shield":1107,"minecraft:drop":297,"minecraft:talked_to_villager":153,"minecraft:play_time":617662,"minecraft:deaths":1,"minecraft:jump":10628,"minecraft:walk_on_water_one_cm":78423,"minecraft:interact_with_furnace":90,"minecraft:traded_with_villager":104,"minecraft:sleep_in_bed":17,"minecraft:damage_dealt":23025,"minecraft:player_kills":1,"minecraft:crouch_one_cm":121633,"minecraft:interact_with_smoker":1,"minecraft:horse_one_cm":606541,"minecraft:mob_kills":111,"minecraft:interact_with_anvil":10,"minecraft:inspect_hopper":2,"minecraft:climb_one_cm":2992,"minecraft:walk_one_cm":1373959,"minecraft:sneak_time":44245,"minecraft:walk_under_water_one_cm":55262,"minecraft:boat_one_cm":506588,"minecraft:total_world_time":617662,"minecraft:interact_with_grindstone":1,"minecraft:time_since_rest":12019,"minecraft:damage_taken":7050,"minecraft:damage_absorbed":32,"minecraft:swim_one_cm":103413,"minecraft:fly_one_cm":2173462,"minecraft:open_chest":239,"minecraft:fall_one_cm":237495}},"DataVersion":3578}