{"stats":{"minecraft:mined":{"minecraft:deepslate_redstone_ore":8,"minecraft:deepslate_diamond_ore":7,"minecraft:melon_stem":2,"minecraft:brewing_stand":3,"minecraft:crafting_table":5,"minecraft:clay":10,"minecraft:cave_vines_plant":6,"minecraft:granite":3,"minecraft:grass_block":54,"minecraft:jungle_log":57,"minecraft:lectern":1,"minecraft:copper_ore":2,"minecraft:tall_grass":8,"minecraft:cobblestone":1,"minecraft:composter":2,"minecraft:grindstone":1,"minecraft:deepslate_gold_ore":13,"minecraft:moss_block":11,"minecraft:diorite":3,"minecraft:furnace":1,"minecraft:barrel":3,"minecraft:iron_ore":16,"minecraft:cobbled_deepslate":1,"minecraft:gray_bed":2,"minecraft:andesite":29,"minecraft:moss_carpet":1,"minecraft:deepslate_lapis_ore":4,"minecraft:dirt_path":6,"minecraft:grass":43,"minecraft:bookshelf":8,"minecraft:coal_ore":15,"minecraft:cave_vines":3,"minecraft:deepslate_iron_ore":12,"minecraft:rail":75,"minecraft:gravel":3,"minecraft:dirt":17,"minecraft:bamboo":2,"minecraft:stone":78,"minecraft:orange_bed":6,"minecraft:oak_leaves":1,"minecraft:deepslate":135},"minecraft:used":{"minecraft:cooked_mutton":4,"minecraft:moss_block":6,"minecraft:water_bucket":13,"minecraft:diorite":3,"minecraft:stone_pickaxe":131,"minecraft:chest":2,"minecraft:shield":13,"minecraft:wooden_pickaxe":17,"minecraft:iron_sword":56,"minecraft:wooden_shovel":50,"minecraft:clay":1,"minecraft:rotten_flesh":7,"minecraft:jungle_boat":2,"minecraft:orange_bed":6,"minecraft:torch":32,"minecraft:glow_berries":22,"minecraft:dirt":47,"minecraft:crafting_table":8,"minecraft:granite":3,"minecraft:big_dripleaf":2,"minecraft:iron_pickaxe":292,"minecraft:stone_axe":90,"minecraft:cobblestone":55,"minecraft:furnace":3,"minecraft:gray_bed":4,"minecraft:andesite":17,"minecraft:bucket":14,"minecraft:cobbled_deepslate":112},"minecraft:broken":{"minecraft:stone_pickaxe":1,"minecraft:iron_pickaxe":1},"minecraft:killed":{"minecraft:cave_spider":1,"minecraft:witch":1,"minecraft:spider":1,"minecraft:sheep":3,"minecraft:skeleton":4,"minecraft:zombie":7},"minecraft:crafted":{"minecraft:wooden_shovel":1,"minecraft:crafting_table":3,"minecraft:jungle_boat":1,"minecraft:wooden_pickaxe":1,"minecraft:iron_sword":1,"minecraft:furnace":2,"minecraft:bucket":1,"minecraft:stone_axe":1,"minecraft:cooked_mutton":4,"minecraft:air":0,"minecraft:jungle_planks":60,"minecraft:shield":1,"minecraft:stick":26,"minecraft:iron_ingot":14,"minecraft:iron_pickaxe":2,"minecraft:stone_pickaxe":1,"minecraft:chest":2,"minecraft:torch":28,"minecraft:shears":1,"minecraft:gray_bed":1,"minecraft:clay":1},"minecraft:picked_up":{"minecraft:crafting_table":5,"minecraft:jungle_boat":1,"minecraft:clay_ball":40,"minecraft:andesite":27,"minecraft:jungle_log":55,"minecraft:potion":1,"minecraft:brewing_stand":3,"minecraft:string":2,"minecraft:lapis_lazuli":22,"minecraft:dirt":72,"minecraft:moss_carpet":2,"minecraft:bone":2,"minecraft:wheat_seeds":9,"minecraft:cobbled_deepslate":125,"minecraft:raw_gold":13,"minecraft:grindstone":1,"minecraft:iron_ingot":3,"minecraft:lectern":1,"minecraft:azalea":2,"minecraft:gray_bed":3,"minecraft:glass_bottle":3,"minecraft:bamboo":34,"minecraft:moss_block":11,"minecraft:book":24,"minecraft:furnace":2,"minecraft:raw_iron":28,"minecraft:stick":1,"minecraft:composter":2,"minecraft:big_dripleaf":2,"minecraft:gravel":1,"minecraft:jungle_planks":1,"minecraft:diorite":3,"minecraft:barrel":3,"minecraft:redstone":36,"minecraft:spider_eye":2,"minecraft:orange_bed":6,"minecraft:arrow":2,"minecraft:rotten_flesh":7,"minecraft:diamond":7,"minecraft:tropical_fish":2,"minecraft:granite":3,"minecraft:gray_wool":4,"minecraft:bread":57,"minecraft:melon_seeds":2,"minecraft:oak_sapling":2,"minecraft:glow_berries":22,"minecraft:mutton":4,"minecraft:coal":33,"minecraft:white_wool":19,"minecraft:rail":75,"minecraft:cobblestone":77},"minecraft:dropped":{"minecraft:gravel":1,"minecraft:furnace":1,"minecraft:moss_carpet":2,"minecraft:moss_block":5,"minecraft:jungle_planks":6,"minecraft:coal":18,"minecraft:stick":1,"minecraft:gray_wool":1,"minecraft:andesite":10,"minecraft:jungle_log":2,"minecraft:oak_sapling":2,"minecraft:azalea":2,"minecraft:bamboo":6,"minecraft:arrow":2,"minecraft:wooden_pickaxe":1},"minecraft:custom":{"minecraft:interact_with_furnace":31,"minecraft:mob_kills":17,"minecraft:interact_with_crafting_table":23,"minecraft:bell_ring":89,"minecraft:leave_game":1,"minecraft:time_since_death":68896,"minecraft:sleep_in_bed":3,"minecraft:climb_one_cm":188,"minecraft:time_since_rest":1755,"minecraft:sprint_one_cm":113168,"minecraft:damage_taken":450,"minecraft:walk_one_cm":205032,"minecraft:damage_blocked_by_shield":355,"minecraft:drop":23,"minecraft:damage_dealt":3349,"minecraft:talked_to_villager":2,"minecraft:swim_one_cm":871,"minecraft:fly_one_cm":149715,"minecraft:open_chest":10,"minecraft:crouch_one_cm":15213,"minecraft:play_time":68896,"minecraft:sneak_time":5372,"minecraft:walk_under_water_one_cm":1271,"minecraft:boat_one_cm":50947,"minecraft:jump":1126,"minecraft:walk_on_water_one_cm":14400,"minecraft:total_world_time":68896,"minecraft:fall_one_cm":14804}},"DataVersion":3578}