{"stats":{"minecraft:mined":{"minecraft:spruce_planks":52,"minecraft:white_bed":4,"minecraft:farmland":7,"minecraft:cobblestone_stairs":1,"minecraft:jungle_leaves":21,"minecraft:brewing_stand":4,"minecraft:spruce_trapdoor":5,"minecraft:cave_vines_plant":6,"minecraft:granite":3,"minecraft:acacia_log":29,"minecraft:grass_block":4037,"minecraft:jungle_log":473,"minecraft:deepslate_bricks":4,"minecraft:composter":3,"minecraft:oxeye_daisy":4,"minecraft:nether_wart":7,"minecraft:weeping_vines_plant":1,"minecraft:fire":17,"minecraft:iron_ore":26,"minecraft:barrel":3,"minecraft:cobbled_deepslate":43,"minecraft:moss_carpet":1,"minecraft:fletching_table":2,"minecraft:deepslate_lapis_ore":10,"minecraft:azure_bluet":6,"minecraft:nether_brick_stairs":2,"minecraft:cave_vines":3,"minecraft:polished_deepslate_slab":10,"minecraft:dirt_path":10,"minecraft:spruce_slab":35,"minecraft:orange_bed":21,"minecraft:deepslate_redstone_ore":73,"minecraft:red_bed":1,"minecraft:blackstone":248,"minecraft:melon_stem":2,"minecraft:crimson_nylium":8,"minecraft:smoker":1,"minecraft:clay":10,"minecraft:torch":16,"minecraft:poppy":2,"minecraft:chest":7,"minecraft:spruce_wall_sign":1,"minecraft:nether_quartz_ore":948,"minecraft:cobblestone":11,"minecraft:grindstone":3,"minecraft:sugar_cane":1196,"minecraft:wall_torch":9,"minecraft:powered_rail":18,"minecraft:nether_wart_block":5,"minecraft:wheat":1,"minecraft:grass":861,"minecraft:oak_log":83,"minecraft:sand":1050,"minecraft:dirt":3765,"minecraft:crimson_planks":2,"minecraft:ancient_debris":48,"minecraft:netherrack":8109,"minecraft:oak_leaves":143,"minecraft:deepslate":658,"minecraft:nether_gold_ore":270,"minecraft:tuff":84,"minecraft:deepslate_diamond_ore":65,"minecraft:nether_bricks":5,"minecraft:spruce_fence":3,"minecraft:weeping_vines":2,"minecraft:spruce_leaves":23,"minecraft:moss_block":11,"minecraft:hay_block":44,"minecraft:spruce_sapling":1,"minecraft:furnace":1,"minecraft:acacia_trapdoor":1,"minecraft:acacia_stairs":4,"minecraft:andesite":29,"minecraft:nether_brick_fence":18,"minecraft:bookshelf":11,"minecraft:potatoes":117,"minecraft:deepslate_iron_ore":41,"minecraft:vine":31,"minecraft:rail":406,"minecraft:bamboo":155,"minecraft:stone":216,"minecraft:white_wool":3,"minecraft:podzol":286,"minecraft:smithing_table":1,"minecraft:acacia_leaves":2,"minecraft:glass_pane":10,"minecraft:soul_sand":32,"minecraft:dandelion":20,"minecraft:jungle_sign":1,"minecraft:crafting_table":7,"minecraft:cornflower":1,"minecraft:lectern":187,"minecraft:copper_ore":2,"minecraft:tall_grass":95,"minecraft:deepslate_coal_ore":11,"minecraft:deepslate_gold_ore":29,"minecraft:diorite":3,"minecraft:redstone_torch":7,"minecraft:gray_bed":4,"minecraft:spruce_log":1313,"minecraft:yellow_bed":2,"minecraft:coal_ore":43,"minecraft:gravel":501,"minecraft:spruce_fence_gate":1,"minecraft:fern":156},"minecraft:broken":{"minecraft:iron_shovel":1,"minecraft:wooden_shovel":1,"minecraft:stone_pickaxe":1,"minecraft:stone_axe":1,"minecraft:iron_pickaxe":1},"minecraft:used":{"minecraft:moss_block":6,"minecraft:iron_shovel":441,"minecraft:spruce_slab":97,"minecraft:chest":26,"minecraft:shield":88,"minecraft:iron_sword":225,"minecraft:nether_wart":22,"minecraft:rotten_flesh":7,"minecraft:soul_sand":20,"minecraft:jungle_slab":1,"minecraft:big_dripleaf":2,"minecraft:glass":19,"minecraft:villager_spawn_egg":2,"minecraft:grass_block":8,"minecraft:bow":22,"minecraft:furnace":4,"minecraft:gray_bed":5,"minecraft:potato":343,"minecraft:diorite":3,"minecraft:acacia_trapdoor":11,"minecraft:stone_pickaxe":131,"minecraft:powered_rail":9,"minecraft:oak_planks":3,"minecraft:wooden_pickaxe":17,"minecraft:composter":8,"minecraft:sugar_cane":204,"minecraft:diamond_axe":2510,"minecraft:clay":1,"minecraft:jungle_boat":2,"minecraft:glow_berries":22,"minecraft:shears":3,"minecraft:redstone_torch":1,"minecraft:lever":10,"minecraft:bread":125,"minecraft:lectern":196,"minecraft:gravel":45,"minecraft:jungle_sign":1,"minecraft:diamond_sword":359,"minecraft:grindstone":1,"minecraft:andesite":17,"minecraft:oak_boat":2,"minecraft:air":2,"minecraft:bone_meal":9,"minecraft:spruce_planks":110,"minecraft:wooden_shovel":59,"minecraft:netherrack":572,"minecraft:orange_bed":16,"minecraft:torch":211,"minecraft:brewing_stand":4,"minecraft:dirt":1378,"minecraft:anvil":1,"minecraft:nether_quartz_ore":202,"minecraft:spruce_fence":6,"minecraft:granite":3,"minecraft:iron_hoe":446,"minecraft:bookshelf":3,"minecraft:acacia_slab":4,"minecraft:jungle_log":6,"minecraft:barrel":3,"minecraft:glowstone":2,"minecraft:minecart":33,"minecraft:cooked_beef":22,"minecraft:cobbled_deepslate":119,"minecraft:cooked_mutton":4,"minecraft:water_bucket":112,"minecraft:glass_bottle":17,"minecraft:spruce_sign":7,"minecraft:glow_ink_sac":1,"minecraft:fletching_table":5,"minecraft:spruce_fence_gate":2,"minecraft:deepslate_bricks":114,"minecraft:polished_deepslate_slab":19,"minecraft:rail":288,"minecraft:oak_slab":1,"minecraft:crafting_table":13,"minecraft:white_bed":9,"minecraft:diamond_pickaxe":10961,"minecraft:diamond_shovel":9043,"minecraft:iron_pickaxe":438,"minecraft:spruce_pressure_plate":10,"minecraft:spruce_trapdoor":38,"minecraft:spruce_sapling":76,"minecraft:stone_axe":127,"minecraft:cobblestone":75,"minecraft:potion":2,"minecraft:cooked_porkchop":3,"minecraft:bucket":113,"minecraft:glass_pane":118,"minecraft:splash_potion":9},"minecraft:killed":{"minecraft:cave_spider":1,"minecraft:witch":1,"minecraft:spider":22,"minecraft:skeleton":29,"minecraft:chicken":1,"minecraft:piglin":6,"minecraft:pig":7,"minecraft:zombie_villager":2,"minecraft:creeper":14,"minecraft:sheep":3,"minecraft:trader_llama":4,"minecraft:zombie":58,"minecraft:blaze":18,"minecraft:cow":24,"minecraft:wandering_trader":2,"minecraft:hoglin":1,"minecraft:villager":2,"minecraft:enderman":3},"minecraft:crafted":{"minecraft:oak_planks":184,"minecraft:blaze_powder":2,"minecraft:stone":55,"minecraft:lever":10,"minecraft:diamond_shovel":2,"minecraft:bookshelf":13,"minecraft:spruce_pressure_plate":94,"minecraft:cooked_mutton":4,"minecraft:deepslate_brick_stairs":16,"minecraft:glass":964,"minecraft:diamond_helmet":1,"minecraft:diamond_leggings":1,"minecraft:bow":3,"minecraft:iron_boots":1,"minecraft:chest":20,"minecraft:gray_bed":1,"minecraft:glass_bottle":12,"minecraft:oak_slab":12,"minecraft:wooden_shovel":1,"minecraft:emerald":358,"minecraft:diamond_axe":2,"minecraft:crafting_table":6,"minecraft:spruce_planks":4904,"minecraft:jungle_boat":1,"minecraft:acacia_slab":72,"minecraft:wooden_pickaxe":1,"minecraft:fletching_table":6,"minecraft:polished_deepslate_slab":24,"minecraft:light_gray_bed":2,"minecraft:dispenser":2,"minecraft:spruce_trapdoor":208,"minecraft:lectern":10,"minecraft:book":38,"minecraft:paper":1512,"minecraft:diamond_pickaxe":2,"minecraft:shield":2,"minecraft:stick":9867,"minecraft:iron_ingot":336,"minecraft:iron_pickaxe":2,"minecraft:iron_block":3,"minecraft:gold_ingot":263,"minecraft:redstone_torch":1,"minecraft:netherite_ingot":11,"minecraft:composter":8,"minecraft:spruce_fence_gate":85,"minecraft:deepslate_bricks":156,"minecraft:shears":1,"minecraft:stone_shovel":1,"minecraft:furnace":2,"minecraft:bone_meal":9,"minecraft:spruce_fence":6,"minecraft:glass_pane":176,"minecraft:polished_deepslate":168,"minecraft:iron_hoe":3,"minecraft:spruce_slab":120,"minecraft:stone_pickaxe":1,"minecraft:diamond_boots":1,"minecraft:redstone_block":63,"minecraft:netherite_scrap":47,"minecraft:minecart":1,"minecraft:wheat":396,"minecraft:sugar":10,"minecraft:diamond_sword":1,"minecraft:spruce_sign":6,"minecraft:iron_sword":2,"minecraft:acacia_trapdoor":22,"minecraft:bucket":1,"minecraft:stone_axe":1,"minecraft:enchanted_book":29,"minecraft:jungle_slab":6,"minecraft:bread":132,"minecraft:air":0,"minecraft:jungle_planks":1152,"minecraft:oak_boat":5,"minecraft:golden_apple":9,"minecraft:fermented_spider_eye":4,"minecraft:iron_shovel":2,"minecraft:iron_leggings":1,"minecraft:anvil":1,"minecraft:white_bed":9,"minecraft:acacia_planks":116,"minecraft:torch":168,"minecraft:lapis_lazuli":72,"minecraft:clay":1,"minecraft:lapis_block":32,"minecraft:diamond_chestplate":1},"minecraft:dropped":{"minecraft:moss_block":5,"minecraft:cooked_beef":16,"minecraft:glow_ink_sac":1,"minecraft:leather":3,"minecraft:jungle_planks":9,"minecraft:emerald":38,"minecraft:cobblestone_stairs":1,"minecraft:dirt":12,"minecraft:cornflower":1,"minecraft:jungle_sapling":5,"minecraft:gold_nugget":22,"minecraft:sand":14,"minecraft:iron_pickaxe":2,"minecraft:bone":3,"minecraft:gravel":88,"minecraft:blackstone":27,"minecraft:cooked_chicken":1,"minecraft:rotten_flesh":58,"minecraft:grindstone":1,"minecraft:azure_bluet":2,"minecraft:poppy":1,"minecraft:gunpowder":3,"minecraft:jungle_log":2,"minecraft:azalea":2,"minecraft:leather_leggings":1,"minecraft:arrow":10,"minecraft:beef":9,"minecraft:netherrack":1701,"minecraft:lectern":2,"minecraft:egg":2,"minecraft:enchanted_book":13,"minecraft:stone_hoe":1,"minecraft:wheat_seeds":25,"minecraft:minecart":1,"minecraft:feather":2,"minecraft:cobblestone":5,"minecraft:book":5,"minecraft:grass_block":1,"minecraft:coal":18,"minecraft:stick":2,"minecraft:oxeye_daisy":3,"minecraft:gray_wool":1,"minecraft:iron_shovel":1,"minecraft:string":6,"minecraft:spruce_sapling":3,"minecraft:dandelion":13,"minecraft:furnace":1,"minecraft:moss_carpet":2,"minecraft:kelp":2,"minecraft:stone_shovel":16,"minecraft:iron_hoe":1,"minecraft:potato":626,"minecraft:shield":1,"minecraft:diamond_pickaxe":2,"minecraft:andesite":10,"minecraft:oak_sapling":3,"minecraft:bamboo":6,"minecraft:wooden_pickaxe":1},"minecraft:picked_up":{"minecraft:iron_chestplate":1,"minecraft:wheat":1,"minecraft:nether_brick_fence":18,"minecraft:smithing_table":1,"minecraft:lead":4,"minecraft:potion":5,"minecraft:crimson_planks":3,"minecraft:brewing_stand":4,"minecraft:string":20,"minecraft:gold_nugget":1668,"minecraft:cobbled_deepslate":735,"minecraft:bucket":1,"minecraft:spruce_planks":329,"minecraft:redstone_torch":14,"minecraft:wooden_shovel":1,"minecraft:azalea":2,"minecraft:iron_pickaxe":2,"minecraft:furnace":2,"minecraft:stick":65,"minecraft:composter":2,"minecraft:big_dripleaf":2,"minecraft:torch":30,"minecraft:acacia_log":42,"minecraft:diorite":3,"minecraft:orange_bed":21,"minecraft:light_gray_bed":2,"minecraft:rotten_flesh":110,"minecraft:tropical_fish":2,"minecraft:glowstone":17,"minecraft:blaze_rod":9,"minecraft:cobblestone":254,"minecraft:feather":3,"minecraft:cooked_beef":38,"minecraft:andesite":27,"minecraft:jungle_log":445,"minecraft:brown_wool":2,"minecraft:smoker":1,"minecraft:potato":769,"minecraft:flint":17,"minecraft:tuff":64,"minecraft:acacia_boat":1,"minecraft:lapis_lazuli":98,"minecraft:dirt":2985,"minecraft:bone":25,"minecraft:acacia_planks":10,"minecraft:bow":1,"minecraft:wheat_seeds":240,"minecraft:raw_gold":48,"minecraft:grindstone":3,"minecraft:fletching_table":2,"minecraft:bamboo":34,"minecraft:powered_rail":18,"minecraft:moss_block":11,"minecraft:stone_hoe":1,"minecraft:cooked_porkchop":19,"minecraft:poisonous_potato":3,"minecraft:jungle_planks":17,"minecraft:sand":1032,"minecraft:nether_brick_stairs":2,"minecraft:grass_block":1706,"minecraft:acacia_stairs":8,"minecraft:barrel":3,"minecraft:iron_hoe":1,"minecraft:spruce_fence_gate":1,"minecraft:diamond":141,"minecraft:granite":3,"minecraft:spruce_sign":1,"minecraft:emerald":177,"minecraft:bread":72,"minecraft:oak_sapling":23,"minecraft:netherrack":3251,"minecraft:diamond_pickaxe":2,"minecraft:cocoa_beans":18,"minecraft:crafting_table":7,"minecraft:azure_bluet":2,"minecraft:nether_wart":31,"minecraft:clay_ball":40,"minecraft:leather_leggings":1,"minecraft:shield":1,"minecraft:cornflower":1,"minecraft:red_bed":1,"minecraft:moss_carpet":2,"minecraft:iron_shovel":1,"minecraft:blackstone":183,"minecraft:beef":51,"minecraft:oak_boat":1,"minecraft:minecart":35,"minecraft:jungle_sapling":5,"minecraft:light_gray_wool":7,"minecraft:poppy":1,"minecraft:spruce_slab":29,"minecraft:lectern":189,"minecraft:sugar_cane":1885,"minecraft:chest":12,"minecraft:spruce_trapdoor":3,"minecraft:egg":2,"minecraft:raw_iron":118,"minecraft:polished_deepslate_slab":10,"minecraft:stone":2,"minecraft:spruce_fence":3,"minecraft:redstone":431,"minecraft:jungle_sign":1,"minecraft:stone_shovel":16,"minecraft:arrow":28,"minecraft:weeping_vines":1,"minecraft:nether_bricks":4,"minecraft:shears":1,"minecraft:deepslate_bricks":4,"minecraft:hay_block":44,"minecraft:saddle":1,"minecraft:glow_berries":22,"minecraft:mutton":4,"minecraft:rail":434,"minecraft:white_wool":67,"minecraft:oxeye_daisy":3,"minecraft:jungle_boat":2,"minecraft:leather":35,"minecraft:jungle_fence":1,"minecraft:oak_log":61,"minecraft:ancient_debris":47,"minecraft:yellow_bed":2,"minecraft:nether_wart_block":5,"minecraft:gunpowder":13,"minecraft:cobblestone_stairs":1,"minecraft:apple":1,"minecraft:kelp":2,"minecraft:acacia_trapdoor":1,"minecraft:iron_ingot":4,"minecraft:cooked_chicken":1,"minecraft:glass_bottle":3,"minecraft:gray_bed":5,"minecraft:soul_sand":32,"minecraft:acacia_sapling":25,"minecraft:iron_sword":1,"minecraft:book":43,"minecraft:nether_quartz_ore":1,"minecraft:quartz":1081,"minecraft:dandelion":18,"minecraft:gravel":252,"minecraft:spruce_sapling":81,"minecraft:white_bed":12,"minecraft:spruce_log":1306,"minecraft:spider_eye":14,"minecraft:diamond_shovel":1,"minecraft:stone_axe":1,"minecraft:iron_helmet":1,"minecraft:gray_wool":6,"minecraft:acacia_slab":7,"minecraft:melon_seeds":2,"minecraft:coal":105,"minecraft:ender_pearl":5},"minecraft:killed_by":{"minecraft:player":1},"minecraft:custom":{"minecraft:interact_with_crafting_table":141,"minecraft:open_barrel":81,"minecraft:bell_ring":101,"minecraft:leave_game":16,"minecraft:time_since_death":1007691,"minecraft:sprint_one_cm":2607943,"minecraft:damage_blocked_by_shield":3415,"minecraft:drop":487,"minecraft:talked_to_villager":612,"minecraft:play_time":1115861,"minecraft:deaths":1,"minecraft:jump":16453,"minecraft:interact_with_brewingstand":26,"minecraft:walk_on_water_one_cm":39191,"minecraft:enchant_item":32,"minecraft:interact_with_furnace":221,"minecraft:traded_with_villager":391,"minecraft:sleep_in_bed":63,"minecraft:damage_dealt":34862,"minecraft:crouch_one_cm":95031,"minecraft:mob_kills":201,"minecraft:interact_with_anvil":13,"minecraft:climb_one_cm":13294,"minecraft:walk_one_cm":2989103,"minecraft:sneak_time":37674,"minecraft:walk_under_water_one_cm":15487,"minecraft:boat_one_cm":685179,"minecraft:total_world_time":1115861,"minecraft:interact_with_grindstone":19,"minecraft:time_since_rest":3550,"minecraft:damage_taken":3850,"minecraft:swim_one_cm":62015,"minecraft:fly_one_cm":3555880,"minecraft:open_chest":550,"minecraft:fall_one_cm":309139}},"DataVersion":3578}