{"stats":{"minecraft:mined":{"minecraft:spruce_planks":52,"minecraft:white_bed":3,"minecraft:farmland":7,"minecraft:cobblestone_stairs":1,"minecraft:jungle_leaves":12,"minecraft:brewing_stand":4,"minecraft:spruce_trapdoor":5,"minecraft:cave_vines_plant":6,"minecraft:granite":3,"minecraft:acacia_log":29,"minecraft:grass_block":2083,"minecraft:jungle_log":306,"minecraft:deepslate_bricks":4,"minecraft:composter":3,"minecraft:oxeye_daisy":3,"minecraft:nether_wart":7,"minecraft:weeping_vines_plant":1,"minecraft:fire":17,"minecraft:iron_ore":26,"minecraft:barrel":3,"minecraft:cobbled_deepslate":43,"minecraft:moss_carpet":1,"minecraft:fletching_table":2,"minecraft:deepslate_lapis_ore":10,"minecraft:azure_bluet":6,"minecraft:nether_brick_stairs":2,"minecraft:cave_vines":3,"minecraft:polished_deepslate_slab":10,"minecraft:dirt_path":10,"minecraft:spruce_slab":35,"minecraft:orange_bed":18,"minecraft:deepslate_redstone_ore":73,"minecraft:blackstone":121,"minecraft:melon_stem":2,"minecraft:crimson_nylium":8,"minecraft:smoker":1,"minecraft:clay":10,"minecraft:torch":15,"minecraft:poppy":1,"minecraft:chest":6,"minecraft:spruce_wall_sign":1,"minecraft:nether_quartz_ore":546,"minecraft:cobblestone":11,"minecraft:grindstone":3,"minecraft:sugar_cane":1196,"minecraft:wall_torch":9,"minecraft:powered_rail":18,"minecraft:nether_wart_block":5,"minecraft:wheat":1,"minecraft:grass":366,"minecraft:oak_log":46,"minecraft:sand":73,"minecraft:dirt":1499,"minecraft:crimson_planks":2,"minecraft:ancient_debris":40,"minecraft:netherrack":5399,"minecraft:oak_leaves":39,"minecraft:deepslate":658,"minecraft:nether_gold_ore":164,"minecraft:tuff":84,"minecraft:deepslate_diamond_ore":65,"minecraft:nether_bricks":5,"minecraft:spruce_fence":3,"minecraft:weeping_vines":2,"minecraft:spruce_leaves":4,"minecraft:moss_block":11,"minecraft:hay_block":44,"minecraft:furnace":1,"minecraft:acacia_trapdoor":1,"minecraft:acacia_stairs":4,"minecraft:andesite":29,"minecraft:nether_brick_fence":18,"minecraft:bookshelf":11,"minecraft:potatoes":117,"minecraft:deepslate_iron_ore":41,"minecraft:vine":7,"minecraft:rail":406,"minecraft:bamboo":2,"minecraft:stone":214,"minecraft:white_wool":3,"minecraft:smithing_table":1,"minecraft:acacia_leaves":2,"minecraft:glass_pane":10,"minecraft:soul_sand":32,"minecraft:dandelion":19,"minecraft:jungle_sign":1,"minecraft:crafting_table":7,"minecraft:cornflower":1,"minecraft:lectern":187,"minecraft:tall_grass":86,"minecraft:copper_ore":2,"minecraft:deepslate_coal_ore":11,"minecraft:deepslate_gold_ore":29,"minecraft:diorite":3,"minecraft:redstone_torch":7,"minecraft:gray_bed":3,"minecraft:spruce_log":994,"minecraft:coal_ore":24,"minecraft:gravel":352,"minecraft:spruce_fence_gate":1},"minecraft:broken":{"minecraft:iron_shovel":1,"minecraft:wooden_shovel":1,"minecraft:stone_pickaxe":1,"minecraft:stone_axe":1,"minecraft:iron_pickaxe":1},"minecraft:used":{"minecraft:moss_block":6,"minecraft:iron_shovel":441,"minecraft:spruce_slab":97,"minecraft:chest":11,"minecraft:shield":82,"minecraft:iron_sword":225,"minecraft:nether_wart":22,"minecraft:rotten_flesh":7,"minecraft:soul_sand":20,"minecraft:jungle_slab":1,"minecraft:big_dripleaf":2,"minecraft:glass":19,"minecraft:villager_spawn_egg":2,"minecraft:grass_block":6,"minecraft:furnace":3,"minecraft:gray_bed":5,"minecraft:potato":343,"minecraft:diorite":3,"minecraft:acacia_trapdoor":11,"minecraft:stone_pickaxe":131,"minecraft:powered_rail":9,"minecraft:oak_planks":3,"minecraft:wooden_pickaxe":17,"minecraft:composter":8,"minecraft:sugar_cane":204,"minecraft:diamond_axe":1617,"minecraft:clay":1,"minecraft:jungle_boat":2,"minecraft:glow_berries":22,"minecraft:shears":3,"minecraft:redstone_torch":1,"minecraft:lever":10,"minecraft:bread":111,"minecraft:lectern":196,"minecraft:gravel":45,"minecraft:jungle_sign":1,"minecraft:diamond_sword":253,"minecraft:grindstone":1,"minecraft:andesite":17,"minecraft:oak_boat":2,"minecraft:air":2,"minecraft:bone_meal":9,"minecraft:spruce_planks":110,"minecraft:wooden_shovel":59,"minecraft:netherrack":437,"minecraft:orange_bed":15,"minecraft:torch":178,"minecraft:brewing_stand":4,"minecraft:dirt":1375,"minecraft:anvil":1,"minecraft:spruce_fence":6,"minecraft:granite":3,"minecraft:iron_hoe":446,"minecraft:bookshelf":3,"minecraft:acacia_slab":4,"minecraft:barrel":3,"minecraft:glowstone":2,"minecraft:minecart":33,"minecraft:cooked_beef":16,"minecraft:cobbled_deepslate":119,"minecraft:cooked_mutton":4,"minecraft:water_bucket":111,"minecraft:glass_bottle":17,"minecraft:spruce_sign":7,"minecraft:glow_ink_sac":1,"minecraft:fletching_table":5,"minecraft:spruce_fence_gate":2,"minecraft:deepslate_bricks":114,"minecraft:polished_deepslate_slab":19,"minecraft:rail":288,"minecraft:oak_slab":1,"minecraft:crafting_table":12,"minecraft:white_bed":9,"minecraft:diamond_pickaxe":7586,"minecraft:diamond_shovel":3317,"minecraft:iron_pickaxe":438,"minecraft:spruce_pressure_plate":10,"minecraft:spruce_trapdoor":38,"minecraft:spruce_sapling":39,"minecraft:stone_axe":127,"minecraft:cobblestone":75,"minecraft:potion":2,"minecraft:bucket":111,"minecraft:glass_pane":118,"minecraft:splash_potion":9},"minecraft:killed":{"minecraft:cave_spider":1,"minecraft:witch":1,"minecraft:spider":14,"minecraft:skeleton":25,"minecraft:piglin":5,"minecraft:zombie_villager":1,"minecraft:creeper":12,"minecraft:sheep":3,"minecraft:trader_llama":4,"minecraft:zombie":31,"minecraft:blaze":18,"minecraft:cow":21,"minecraft:wandering_trader":2,"minecraft:hoglin":1,"minecraft:villager":2,"minecraft:enderman":3},"minecraft:crafted":{"minecraft:oak_planks":52,"minecraft:blaze_powder":2,"minecraft:lever":10,"minecraft:diamond_shovel":2,"minecraft:bookshelf":13,"minecraft:spruce_pressure_plate":10,"minecraft:cooked_mutton":4,"minecraft:deepslate_brick_stairs":16,"minecraft:glass":192,"minecraft:diamond_helmet":1,"minecraft:diamond_leggings":1,"minecraft:bow":3,"minecraft:iron_boots":1,"minecraft:chest":6,"minecraft:gray_bed":1,"minecraft:glass_bottle":12,"minecraft:oak_slab":12,"minecraft:wooden_shovel":1,"minecraft:emerald":358,"minecraft:diamond_axe":2,"minecraft:crafting_table":6,"minecraft:spruce_planks":3900,"minecraft:jungle_boat":1,"minecraft:acacia_slab":72,"minecraft:wooden_pickaxe":1,"minecraft:fletching_table":6,"minecraft:polished_deepslate_slab":24,"minecraft:light_gray_bed":2,"minecraft:dispenser":2,"minecraft:spruce_trapdoor":46,"minecraft:lectern":10,"minecraft:book":38,"minecraft:paper":1512,"minecraft:diamond_pickaxe":1,"minecraft:shield":2,"minecraft:stick":9407,"minecraft:iron_ingot":336,"minecraft:iron_pickaxe":2,"minecraft:iron_block":3,"minecraft:gold_ingot":208,"minecraft:redstone_torch":1,"minecraft:composter":8,"minecraft:spruce_fence_gate":1,"minecraft:deepslate_bricks":156,"minecraft:shears":1,"minecraft:stone_shovel":1,"minecraft:furnace":2,"minecraft:bone_meal":9,"minecraft:spruce_fence":6,"minecraft:glass_pane":176,"minecraft:polished_deepslate":168,"minecraft:iron_hoe":3,"minecraft:spruce_slab":120,"minecraft:stone_pickaxe":1,"minecraft:diamond_boots":1,"minecraft:redstone_block":63,"minecraft:minecart":1,"minecraft:wheat":396,"minecraft:sugar":10,"minecraft:diamond_sword":1,"minecraft:spruce_sign":6,"minecraft:iron_sword":2,"minecraft:acacia_trapdoor":22,"minecraft:bucket":1,"minecraft:stone_axe":1,"minecraft:enchanted_book":14,"minecraft:jungle_slab":6,"minecraft:bread":132,"minecraft:air":0,"minecraft:jungle_planks":988,"minecraft:oak_boat":5,"minecraft:golden_apple":9,"minecraft:fermented_spider_eye":4,"minecraft:iron_shovel":2,"minecraft:iron_leggings":1,"minecraft:anvil":1,"minecraft:white_bed":9,"minecraft:acacia_planks":116,"minecraft:torch":168,"minecraft:lapis_lazuli":72,"minecraft:clay":1,"minecraft:lapis_block":32,"minecraft:diamond_chestplate":1},"minecraft:dropped":{"minecraft:moss_block":5,"minecraft:cooked_beef":16,"minecraft:glow_ink_sac":1,"minecraft:jungle_planks":9,"minecraft:cobblestone_stairs":1,"minecraft:dirt":11,"minecraft:cornflower":1,"minecraft:jungle_sapling":5,"minecraft:gold_nugget":22,"minecraft:sand":14,"minecraft:bone":3,"minecraft:gravel":88,"minecraft:blackstone":27,"minecraft:rotten_flesh":3,"minecraft:grindstone":1,"minecraft:azure_bluet":2,"minecraft:poppy":1,"minecraft:gunpowder":1,"minecraft:jungle_log":2,"minecraft:azalea":2,"minecraft:arrow":10,"minecraft:beef":9,"minecraft:netherrack":1504,"minecraft:lectern":2,"minecraft:egg":2,"minecraft:stone_hoe":1,"minecraft:wheat_seeds":23,"minecraft:minecart":1,"minecraft:cobblestone":5,"minecraft:coal":18,"minecraft:stick":2,"minecraft:oxeye_daisy":2,"minecraft:gray_wool":1,"minecraft:dandelion":12,"minecraft:furnace":1,"minecraft:moss_carpet":2,"minecraft:kelp":2,"minecraft:stone_shovel":16,"minecraft:potato":626,"minecraft:shield":1,"minecraft:diamond_pickaxe":2,"minecraft:andesite":10,"minecraft:oak_sapling":3,"minecraft:bamboo":6,"minecraft:wooden_pickaxe":1},"minecraft:picked_up":{"minecraft:iron_chestplate":1,"minecraft:wheat":1,"minecraft:nether_brick_fence":18,"minecraft:smithing_table":1,"minecraft:lead":4,"minecraft:potion":5,"minecraft:crimson_planks":3,"minecraft:brewing_stand":4,"minecraft:string":14,"minecraft:gold_nugget":1259,"minecraft:cobbled_deepslate":735,"minecraft:bucket":1,"minecraft:spruce_planks":329,"minecraft:redstone_torch":14,"minecraft:wooden_shovel":1,"minecraft:azalea":2,"minecraft:iron_pickaxe":2,"minecraft:furnace":2,"minecraft:stick":50,"minecraft:composter":2,"minecraft:big_dripleaf":2,"minecraft:torch":29,"minecraft:acacia_log":42,"minecraft:diorite":3,"minecraft:orange_bed":18,"minecraft:light_gray_bed":2,"minecraft:rotten_flesh":25,"minecraft:tropical_fish":2,"minecraft:glowstone":17,"minecraft:blaze_rod":9,"minecraft:cobblestone":254,"minecraft:feather":1,"minecraft:cooked_beef":38,"minecraft:andesite":27,"minecraft:jungle_log":307,"minecraft:smoker":1,"minecraft:potato":769,"minecraft:flint":17,"minecraft:tuff":64,"minecraft:acacia_boat":1,"minecraft:lapis_lazuli":98,"minecraft:dirt":2390,"minecraft:bone":24,"minecraft:acacia_planks":10,"minecraft:bow":1,"minecraft:wheat_seeds":109,"minecraft:raw_gold":48,"minecraft:grindstone":3,"minecraft:fletching_table":2,"minecraft:bamboo":34,"minecraft:powered_rail":18,"minecraft:moss_block":11,"minecraft:stone_hoe":1,"minecraft:poisonous_potato":3,"minecraft:jungle_planks":17,"minecraft:sand":80,"minecraft:nether_brick_stairs":2,"minecraft:grass_block":1128,"minecraft:acacia_stairs":8,"minecraft:barrel":3,"minecraft:iron_hoe":1,"minecraft:spruce_fence_gate":1,"minecraft:diamond":141,"minecraft:granite":3,"minecraft:spruce_sign":1,"minecraft:bread":72,"minecraft:oak_sapling":16,"minecraft:netherrack":2506,"minecraft:diamond_pickaxe":2,"minecraft:crafting_table":7,"minecraft:azure_bluet":2,"minecraft:nether_wart":31,"minecraft:clay_ball":40,"minecraft:shield":1,"minecraft:cornflower":1,"minecraft:moss_carpet":2,"minecraft:iron_shovel":1,"minecraft:blackstone":119,"minecraft:beef":42,"minecraft:oak_boat":1,"minecraft:minecart":35,"minecraft:jungle_sapling":5,"minecraft:light_gray_wool":6,"minecraft:poppy":1,"minecraft:spruce_slab":29,"minecraft:lectern":189,"minecraft:sugar_cane":1885,"minecraft:chest":11,"minecraft:spruce_trapdoor":3,"minecraft:egg":2,"minecraft:raw_iron":118,"minecraft:polished_deepslate_slab":10,"minecraft:spruce_fence":3,"minecraft:redstone":431,"minecraft:jungle_sign":1,"minecraft:stone_shovel":16,"minecraft:arrow":18,"minecraft:weeping_vines":1,"minecraft:nether_bricks":4,"minecraft:shears":1,"minecraft:deepslate_bricks":4,"minecraft:hay_block":44,"minecraft:saddle":1,"minecraft:glow_berries":22,"minecraft:mutton":4,"minecraft:rail":434,"minecraft:white_wool":41,"minecraft:oxeye_daisy":2,"minecraft:jungle_boat":2,"minecraft:leather":32,"minecraft:jungle_fence":1,"minecraft:oak_log":46,"minecraft:ancient_debris":39,"minecraft:nether_wart_block":5,"minecraft:gunpowder":9,"minecraft:cobblestone_stairs":1,"minecraft:apple":1,"minecraft:kelp":2,"minecraft:acacia_trapdoor":1,"minecraft:iron_ingot":4,"minecraft:glass_bottle":3,"minecraft:gray_bed":4,"minecraft:soul_sand":32,"minecraft:acacia_sapling":25,"minecraft:iron_sword":1,"minecraft:book":33,"minecraft:quartz":590,"minecraft:dandelion":17,"minecraft:gravel":188,"minecraft:spruce_sapling":41,"minecraft:white_bed":11,"minecraft:spruce_log":991,"minecraft:spider_eye":7,"minecraft:diamond_shovel":1,"minecraft:stone_axe":1,"minecraft:iron_helmet":1,"minecraft:gray_wool":6,"minecraft:acacia_slab":7,"minecraft:melon_seeds":2,"minecraft:coal":73,"minecraft:ender_pearl":5},"minecraft:killed_by":{"minecraft:player":1},"minecraft:custom":{"minecraft:interact_with_crafting_table":122,"minecraft:open_barrel":53,"minecraft:bell_ring":101,"minecraft:leave_game":13,"minecraft:time_since_death":810509,"minecraft:sprint_one_cm":1985598,"minecraft:damage_blocked_by_shield":3040,"minecraft:drop":439,"minecraft:talked_to_villager":576,"minecraft:play_time":918679,"minecraft:deaths":1,"minecraft:jump":13768,"minecraft:interact_with_brewingstand":26,"minecraft:walk_on_water_one_cm":37882,"minecraft:enchant_item":24,"minecraft:interact_with_furnace":123,"minecraft:traded_with_villager":376,"minecraft:sleep_in_bed":54,"minecraft:damage_dealt":27331,"minecraft:crouch_one_cm":86562,"minecraft:mob_kills":145,"minecraft:interact_with_anvil":10,"minecraft:climb_one_cm":5759,"minecraft:walk_one_cm":2484377,"minecraft:sneak_time":33743,"minecraft:walk_under_water_one_cm":14835,"minecraft:boat_one_cm":535980,"minecraft:total_world_time":918679,"minecraft:interact_with_grindstone":13,"minecraft:time_since_rest":61746,"minecraft:damage_taken":3523,"minecraft:swim_one_cm":62015,"minecraft:fly_one_cm":2955755,"minecraft:open_chest":448,"minecraft:fall_one_cm":252224}},"DataVersion":3578}