{"stats":{"minecraft:mined":{"minecraft:spruce_planks":52,"minecraft:white_bed":3,"minecraft:farmland":7,"minecraft:cobblestone_stairs":1,"minecraft:jungle_leaves":12,"minecraft:brewing_stand":3,"minecraft:spruce_trapdoor":3,"minecraft:cave_vines_plant":6,"minecraft:granite":3,"minecraft:acacia_log":29,"minecraft:grass_block":819,"minecraft:jungle_log":284,"minecraft:deepslate_bricks":4,"minecraft:composter":3,"minecraft:nether_wart":5,"minecraft:oxeye_daisy":3,"minecraft:weeping_vines_plant":1,"minecraft:fire":17,"minecraft:iron_ore":26,"minecraft:cobbled_deepslate":43,"minecraft:barrel":3,"minecraft:moss_carpet":1,"minecraft:fletching_table":2,"minecraft:deepslate_lapis_ore":10,"minecraft:nether_brick_stairs":2,"minecraft:azure_bluet":5,"minecraft:cave_vines":3,"minecraft:polished_deepslate_slab":9,"minecraft:dirt_path":10,"minecraft:spruce_slab":33,"minecraft:orange_bed":16,"minecraft:deepslate_redstone_ore":73,"minecraft:blackstone":2,"minecraft:melon_stem":2,"minecraft:smoker":1,"minecraft:crimson_nylium":8,"minecraft:clay":10,"minecraft:torch":14,"minecraft:poppy":1,"minecraft:chest":5,"minecraft:nether_quartz_ore":182,"minecraft:cobblestone":9,"minecraft:grindstone":3,"minecraft:sugar_cane":896,"minecraft:wall_torch":9,"minecraft:powered_rail":18,"minecraft:nether_wart_block":5,"minecraft:wheat":1,"minecraft:grass":342,"minecraft:oak_log":11,"minecraft:sand":2,"minecraft:dirt":825,"minecraft:crimson_planks":2,"minecraft:netherrack":765,"minecraft:ancient_debris":2,"minecraft:oak_leaves":13,"minecraft:deepslate":658,"minecraft:nether_gold_ore":30,"minecraft:tuff":84,"minecraft:deepslate_diamond_ore":65,"minecraft:nether_bricks":5,"minecraft:spruce_fence":3,"minecraft:weeping_vines":2,"minecraft:spruce_leaves":4,"minecraft:moss_block":11,"minecraft:hay_block":44,"minecraft:furnace":1,"minecraft:acacia_trapdoor":1,"minecraft:acacia_stairs":4,"minecraft:andesite":29,"minecraft:nether_brick_fence":18,"minecraft:bookshelf":8,"minecraft:potatoes":117,"minecraft:deepslate_iron_ore":41,"minecraft:vine":4,"minecraft:rail":397,"minecraft:bamboo":2,"minecraft:stone":192,"minecraft:white_wool":3,"minecraft:smithing_table":1,"minecraft:acacia_leaves":2,"minecraft:glass_pane":10,"minecraft:soul_sand":20,"minecraft:dandelion":16,"minecraft:jungle_sign":1,"minecraft:cornflower":1,"minecraft:crafting_table":5,"minecraft:lectern":13,"minecraft:tall_grass":83,"minecraft:copper_ore":2,"minecraft:deepslate_coal_ore":11,"minecraft:deepslate_gold_ore":29,"minecraft:diorite":3,"minecraft:redstone_torch":7,"minecraft:gray_bed":3,"minecraft:spruce_log":917,"minecraft:coal_ore":16,"minecraft:gravel":75,"minecraft:spruce_fence_gate":1},"minecraft:broken":{"minecraft:iron_shovel":1,"minecraft:wooden_shovel":1,"minecraft:stone_pickaxe":1,"minecraft:stone_axe":1,"minecraft:iron_pickaxe":1},"minecraft:used":{"minecraft:moss_block":6,"minecraft:iron_shovel":441,"minecraft:spruce_slab":72,"minecraft:shield":74,"minecraft:chest":10,"minecraft:iron_sword":225,"minecraft:nether_wart":20,"minecraft:rotten_flesh":7,"minecraft:soul_sand":20,"minecraft:jungle_slab":1,"minecraft:big_dripleaf":2,"minecraft:glass":19,"minecraft:furnace":3,"minecraft:gray_bed":5,"minecraft:potato":343,"minecraft:diorite":3,"minecraft:powered_rail":9,"minecraft:acacia_trapdoor":11,"minecraft:stone_pickaxe":131,"minecraft:oak_planks":3,"minecraft:wooden_pickaxe":17,"minecraft:composter":8,"minecraft:clay":1,"minecraft:diamond_axe":1278,"minecraft:sugar_cane":160,"minecraft:jungle_boat":2,"minecraft:glow_berries":22,"minecraft:shears":3,"minecraft:redstone_torch":1,"minecraft:lever":10,"minecraft:bread":89,"minecraft:lectern":21,"minecraft:gravel":45,"minecraft:jungle_sign":1,"minecraft:diamond_sword":175,"minecraft:grindstone":1,"minecraft:andesite":17,"minecraft:oak_boat":2,"minecraft:bone_meal":9,"minecraft:spruce_planks":110,"minecraft:wooden_shovel":59,"minecraft:netherrack":272,"minecraft:orange_bed":13,"minecraft:torch":165,"minecraft:dirt":1217,"minecraft:spruce_fence":6,"minecraft:granite":3,"minecraft:iron_hoe":446,"minecraft:acacia_slab":4,"minecraft:barrel":3,"minecraft:glowstone":2,"minecraft:minecart":29,"minecraft:cooked_beef":5,"minecraft:cobbled_deepslate":119,"minecraft:cooked_mutton":4,"minecraft:water_bucket":60,"minecraft:fletching_table":5,"minecraft:glow_ink_sac":1,"minecraft:spruce_fence_gate":2,"minecraft:deepslate_bricks":114,"minecraft:polished_deepslate_slab":18,"minecraft:rail":279,"minecraft:oak_slab":1,"minecraft:crafting_table":10,"minecraft:white_bed":9,"minecraft:diamond_pickaxe":2248,"minecraft:diamond_shovel":1034,"minecraft:iron_pickaxe":438,"minecraft:spruce_pressure_plate":10,"minecraft:spruce_trapdoor":36,"minecraft:spruce_sapling":39,"minecraft:stone_axe":127,"minecraft:cobblestone":71,"minecraft:bucket":61,"minecraft:glass_pane":118},"minecraft:killed":{"minecraft:cave_spider":1,"minecraft:witch":1,"minecraft:spider":6,"minecraft:skeleton":21,"minecraft:piglin":4,"minecraft:zombie_villager":1,"minecraft:creeper":10,"minecraft:sheep":3,"minecraft:trader_llama":2,"minecraft:zombie":26,"minecraft:blaze":18,"minecraft:cow":21,"minecraft:wandering_trader":1,"minecraft:hoglin":1,"minecraft:villager":1,"minecraft:enderman":1},"minecraft:crafted":{"minecraft:oak_planks":44,"minecraft:lever":10,"minecraft:bookshelf":9,"minecraft:spruce_pressure_plate":10,"minecraft:cooked_mutton":4,"minecraft:deepslate_brick_stairs":16,"minecraft:glass":135,"minecraft:diamond_helmet":1,"minecraft:diamond_leggings":1,"minecraft:bow":2,"minecraft:iron_boots":1,"minecraft:chest":6,"minecraft:gray_bed":1,"minecraft:oak_slab":12,"minecraft:wooden_shovel":1,"minecraft:emerald":321,"minecraft:diamond_axe":1,"minecraft:crafting_table":5,"minecraft:spruce_planks":3580,"minecraft:jungle_boat":1,"minecraft:acacia_slab":72,"minecraft:wooden_pickaxe":1,"minecraft:fletching_table":6,"minecraft:polished_deepslate_slab":24,"minecraft:light_gray_bed":2,"minecraft:dispenser":2,"minecraft:spruce_trapdoor":46,"minecraft:lectern":9,"minecraft:book":31,"minecraft:paper":1164,"minecraft:diamond_pickaxe":1,"minecraft:shield":1,"minecraft:stick":8783,"minecraft:iron_ingot":336,"minecraft:iron_pickaxe":2,"minecraft:gold_ingot":89,"minecraft:redstone_torch":1,"minecraft:composter":8,"minecraft:spruce_fence_gate":1,"minecraft:deepslate_bricks":156,"minecraft:shears":1,"minecraft:stone_shovel":1,"minecraft:furnace":2,"minecraft:bone_meal":9,"minecraft:spruce_fence":6,"minecraft:glass_pane":176,"minecraft:polished_deepslate":168,"minecraft:iron_hoe":3,"minecraft:spruce_slab":120,"minecraft:stone_pickaxe":1,"minecraft:diamond_boots":1,"minecraft:redstone_block":63,"minecraft:minecart":1,"minecraft:wheat":396,"minecraft:diamond_sword":1,"minecraft:iron_sword":2,"minecraft:acacia_trapdoor":22,"minecraft:bucket":1,"minecraft:stone_axe":1,"minecraft:enchanted_book":8,"minecraft:jungle_slab":6,"minecraft:bread":132,"minecraft:air":0,"minecraft:jungle_planks":980,"minecraft:oak_boat":5,"minecraft:iron_shovel":2,"minecraft:iron_leggings":1,"minecraft:white_bed":9,"minecraft:acacia_planks":116,"minecraft:torch":124,"minecraft:lapis_lazuli":9,"minecraft:lapis_block":32,"minecraft:clay":1,"minecraft:diamond_chestplate":1},"minecraft:dropped":{"minecraft:moss_block":5,"minecraft:glow_ink_sac":1,"minecraft:jungle_planks":9,"minecraft:cobblestone_stairs":1,"minecraft:dirt":7,"minecraft:cornflower":1,"minecraft:jungle_sapling":5,"minecraft:bone":3,"minecraft:gravel":24,"minecraft:rotten_flesh":2,"minecraft:grindstone":1,"minecraft:azure_bluet":2,"minecraft:poppy":1,"minecraft:gunpowder":1,"minecraft:jungle_log":2,"minecraft:azalea":2,"minecraft:arrow":10,"minecraft:beef":9,"minecraft:egg":2,"minecraft:wheat_seeds":20,"minecraft:cobblestone":1,"minecraft:coal":18,"minecraft:stick":1,"minecraft:oxeye_daisy":2,"minecraft:gray_wool":1,"minecraft:dandelion":12,"minecraft:furnace":1,"minecraft:moss_carpet":2,"minecraft:kelp":2,"minecraft:stone_shovel":16,"minecraft:potato":626,"minecraft:diamond_pickaxe":2,"minecraft:andesite":10,"minecraft:oak_sapling":3,"minecraft:bamboo":6,"minecraft:wooden_pickaxe":1},"minecraft:picked_up":{"minecraft:iron_chestplate":1,"minecraft:wheat":1,"minecraft:nether_brick_fence":18,"minecraft:smithing_table":1,"minecraft:lead":2,"minecraft:potion":1,"minecraft:crimson_planks":3,"minecraft:brewing_stand":3,"minecraft:string":7,"minecraft:gold_nugget":187,"minecraft:cobbled_deepslate":735,"minecraft:bucket":1,"minecraft:spruce_planks":329,"minecraft:redstone_torch":14,"minecraft:azalea":2,"minecraft:wooden_shovel":1,"minecraft:iron_pickaxe":2,"minecraft:furnace":2,"minecraft:stick":48,"minecraft:composter":2,"minecraft:big_dripleaf":2,"minecraft:torch":28,"minecraft:acacia_log":42,"minecraft:diorite":3,"minecraft:orange_bed":16,"minecraft:light_gray_bed":2,"minecraft:rotten_flesh":20,"minecraft:tropical_fish":2,"minecraft:glowstone":17,"minecraft:blaze_rod":9,"minecraft:cobblestone":228,"minecraft:feather":1,"minecraft:cooked_beef":22,"minecraft:andesite":27,"minecraft:jungle_log":285,"minecraft:smoker":1,"minecraft:potato":769,"minecraft:flint":15,"minecraft:tuff":64,"minecraft:acacia_boat":1,"minecraft:lapis_lazuli":98,"minecraft:dirt":1679,"minecraft:bone":23,"minecraft:acacia_planks":10,"minecraft:bow":1,"minecraft:wheat_seeds":71,"minecraft:raw_gold":48,"minecraft:grindstone":3,"minecraft:fletching_table":2,"minecraft:bamboo":34,"minecraft:powered_rail":18,"minecraft:moss_block":11,"minecraft:stone_hoe":1,"minecraft:poisonous_potato":3,"minecraft:jungle_planks":17,"minecraft:sand":2,"minecraft:nether_brick_stairs":2,"minecraft:grass_block":2,"minecraft:acacia_stairs":8,"minecraft:barrel":3,"minecraft:iron_hoe":1,"minecraft:spruce_fence_gate":1,"minecraft:diamond":141,"minecraft:granite":3,"minecraft:bread":72,"minecraft:oak_sapling":4,"minecraft:netherrack":717,"minecraft:diamond_pickaxe":2,"minecraft:crafting_table":5,"minecraft:azure_bluet":2,"minecraft:nether_wart":20,"minecraft:clay_ball":40,"minecraft:shield":1,"minecraft:cornflower":1,"minecraft:moss_carpet":2,"minecraft:iron_shovel":1,"minecraft:blackstone":2,"minecraft:beef":42,"minecraft:oak_boat":1,"minecraft:poppy":1,"minecraft:jungle_sapling":5,"minecraft:spruce_slab":28,"minecraft:minecart":29,"minecraft:light_gray_wool":6,"minecraft:lectern":13,"minecraft:sugar_cane":1481,"minecraft:chest":10,"minecraft:spruce_trapdoor":3,"minecraft:egg":2,"minecraft:raw_iron":118,"minecraft:polished_deepslate_slab":9,"minecraft:spruce_fence":3,"minecraft:redstone":431,"minecraft:jungle_sign":1,"minecraft:stone_shovel":16,"minecraft:arrow":16,"minecraft:weeping_vines":1,"minecraft:nether_bricks":4,"minecraft:shears":1,"minecraft:deepslate_bricks":4,"minecraft:hay_block":44,"minecraft:saddle":1,"minecraft:glow_berries":22,"minecraft:mutton":4,"minecraft:rail":425,"minecraft:white_wool":41,"minecraft:oxeye_daisy":2,"minecraft:jungle_boat":2,"minecraft:leather":30,"minecraft:jungle_fence":1,"minecraft:oak_log":11,"minecraft:ancient_debris":2,"minecraft:nether_wart_block":5,"minecraft:gunpowder":4,"minecraft:cobblestone_stairs":1,"minecraft:kelp":2,"minecraft:acacia_trapdoor":1,"minecraft:iron_ingot":4,"minecraft:glass_bottle":3,"minecraft:gray_bed":4,"minecraft:soul_sand":20,"minecraft:iron_sword":1,"minecraft:acacia_sapling":25,"minecraft:book":24,"minecraft:quartz":165,"minecraft:dandelion":14,"minecraft:gravel":62,"minecraft:spruce_sapling":41,"minecraft:white_bed":11,"minecraft:spruce_log":914,"minecraft:spider_eye":3,"minecraft:diamond_shovel":1,"minecraft:stone_axe":1,"minecraft:iron_helmet":1,"minecraft:gray_wool":6,"minecraft:acacia_slab":7,"minecraft:melon_seeds":2,"minecraft:coal":62},"minecraft:killed_by":{"minecraft:player":1},"minecraft:custom":{"minecraft:interact_with_crafting_table":101,"minecraft:open_barrel":37,"minecraft:bell_ring":101,"minecraft:leave_game":9,"minecraft:time_since_death":527828,"minecraft:sprint_one_cm":1301069,"minecraft:damage_blocked_by_shield":2495,"minecraft:drop":391,"minecraft:talked_to_villager":184,"minecraft:play_time":635998,"minecraft:deaths":1,"minecraft:jump":10986,"minecraft:walk_on_water_one_cm":33586,"minecraft:enchant_item":4,"minecraft:interact_with_furnace":105,"minecraft:traded_with_villager":329,"minecraft:sleep_in_bed":37,"minecraft:damage_dealt":22309,"minecraft:crouch_one_cm":80984,"minecraft:interact_with_anvil":2,"minecraft:mob_kills":118,"minecraft:climb_one_cm":4704,"minecraft:walk_one_cm":1787326,"minecraft:sneak_time":30619,"minecraft:walk_under_water_one_cm":12656,"minecraft:boat_one_cm":438974,"minecraft:total_world_time":635998,"minecraft:interact_with_grindstone":2,"minecraft:time_since_rest":31252,"minecraft:damage_taken":2631,"minecraft:swim_one_cm":54808,"minecraft:fly_one_cm":2359338,"minecraft:open_chest":315,"minecraft:fall_one_cm":209212}},"DataVersion":3578}