{"stats":{"minecraft:mined":{"minecraft:deepslate_redstone_ore":3,"minecraft:deepslate_diamond_ore":31,"minecraft:crafting_table":5,"minecraft:clay":1,"minecraft:cave_vines_plant":2,"minecraft:acacia_log":5,"minecraft:grass_block":2,"minecraft:jungle_log":6,"minecraft:tall_grass":2,"minecraft:sugar_cane":8,"minecraft:wall_torch":1,"minecraft:furnace":2,"minecraft:cobbled_deepslate":6,"minecraft:iron_ore":6,"minecraft:andesite":1,"minecraft:deepslate_lapis_ore":7,"minecraft:grass":17,"minecraft:coal_ore":7,"minecraft:cave_vines":2,"minecraft:deepslate_iron_ore":15,"minecraft:rail":16,"minecraft:dirt":2,"minecraft:stripped_acacia_log":1,"minecraft:bamboo_sapling":1,"minecraft:bamboo":20,"minecraft:stone":32,"minecraft:small_dripleaf":1,"minecraft:deepslate":36,"minecraft:fern":4},"minecraft:used":{"minecraft:acacia_boat":1,"minecraft:stone_sword":4,"minecraft:stone_pickaxe":41,"minecraft:wooden_pickaxe":11,"minecraft:iron_sword":109,"minecraft:rotten_flesh":14,"minecraft:torch":1,"minecraft:glow_berries":13,"minecraft:dirt":4,"minecraft:mutton":5,"minecraft:crafting_table":4,"minecraft:jungle_planks":24,"minecraft:iron_pickaxe":119,"minecraft:bamboo":1,"minecraft:stone_axe":23,"minecraft:diamond_sword":14,"minecraft:cobblestone":18,"minecraft:furnace":2,"minecraft:andesite":1,"minecraft:cobbled_deepslate":38},"minecraft:killed":{"minecraft:pig":10,"minecraft:spider":1,"minecraft:creeper":5,"minecraft:sheep":3,"minecraft:skeleton":3,"minecraft:zombie":12,"minecraft:cow":7},"minecraft:crafted":{"minecraft:cooked_beef":8,"minecraft:diamond_sword":1,"minecraft:crafting_table":1,"minecraft:wooden_pickaxe":1,"minecraft:iron_sword":1,"minecraft:furnace":1,"minecraft:stone_axe":1,"minecraft:acacia_boat":1,"minecraft:air":0,"minecraft:jungle_planks":32,"minecraft:diamond_helmet":1,"minecraft:diamond_leggings":1,"minecraft:diamond_pickaxe":1,"minecraft:stick":11,"minecraft:iron_ingot":5,"minecraft:iron_pickaxe":1,"minecraft:stone_pickaxe":1,"minecraft:stone_sword":1,"minecraft:diamond_boots":1,"minecraft:acacia_planks":24,"minecraft:diamond_chestplate":1},"minecraft:dropped":{"minecraft:wheat_seeds":1,"minecraft:stone_sword":1,"minecraft:clay_ball":28,"minecraft:tropical_fish":1,"minecraft:dirt":1,"minecraft:arrow":2,"minecraft:wooden_pickaxe":2,"minecraft:stone_pickaxe":2},"minecraft:picked_up":{"minecraft:crafting_table":7,"minecraft:jungle_log":8,"minecraft:clay_ball":28,"minecraft:glow_ink_sac":4,"minecraft:andesite":2,"minecraft:leather":7,"minecraft:wooden_pickaxe":1,"minecraft:gunpowder":4,"minecraft:acacia_boat":1,"minecraft:lapis_lazuli":60,"minecraft:string":2,"minecraft:dirt":5,"minecraft:bone":4,"minecraft:wheat_seeds":1,"minecraft:cobbled_deepslate":39,"minecraft:beef":22,"minecraft:stone_pickaxe":1,"minecraft:iron_pickaxe":1,"minecraft:bamboo":321,"minecraft:sugar_cane":17,"minecraft:iron_sword":1,"minecraft:furnace":3,"minecraft:stick":2,"minecraft:raw_iron":29,"minecraft:torch":1,"minecraft:acacia_log":5,"minecraft:porkchop":16,"minecraft:jungle_planks":3,"minecraft:redstone":9,"minecraft:stripped_acacia_log":1,"minecraft:arrow":2,"minecraft:rotten_flesh":14,"minecraft:diamond":39,"minecraft:tropical_fish":1,"minecraft:stone_axe":1,"minecraft:mutton":5,"minecraft:white_wool":3,"minecraft:glow_berries":13,"minecraft:coal":23,"minecraft:rail":15,"minecraft:cobblestone":34},"minecraft:custom":{"minecraft:interact_with_furnace":11,"minecraft:mob_kills":41,"minecraft:interact_with_crafting_table":11,"minecraft:leave_game":1,"minecraft:time_since_death":26801,"minecraft:climb_one_cm":734,"minecraft:time_since_rest":26823,"minecraft:sprint_one_cm":91575,"minecraft:damage_taken":779,"minecraft:walk_one_cm":96209,"minecraft:drop":10,"minecraft:damage_dealt":5939,"minecraft:swim_one_cm":228,"minecraft:fly_one_cm":163754,"minecraft:crouch_one_cm":13194,"minecraft:play_time":37136,"minecraft:deaths":1,"minecraft:sneak_time":4523,"minecraft:walk_under_water_one_cm":3574,"minecraft:boat_one_cm":52316,"minecraft:jump":1086,"minecraft:walk_on_water_one_cm":5976,"minecraft:total_world_time":37136,"minecraft:fall_one_cm":35113}},"DataVersion":3578}