{"stats":{"minecraft:mined":{"minecraft:spruce_planks":1,"minecraft:white_bed":7,"minecraft:farmland":17,"minecraft:cobblestone_stairs":32,"minecraft:granite":7,"minecraft:cave_vines_plant":2,"minecraft:acacia_log":50,"minecraft:grass_block":507,"minecraft:jungle_log":12,"minecraft:light_gray_bed":3,"minecraft:composter":3,"minecraft:spawner":1,"minecraft:tall_seagrass":1,"minecraft:weeping_vines_plant":2,"minecraft:magma_block":14,"minecraft:glowstone":18,"minecraft:cobbled_deepslate":8,"minecraft:iron_ore":70,"minecraft:fire":13,"minecraft:deepslate_lapis_ore":14,"minecraft:cave_vines":2,"minecraft:dirt_path":3,"minecraft:oak_stairs":1,"minecraft:deepslate_redstone_ore":23,"minecraft:blackstone":108,"minecraft:twisting_vines_plant":1,"minecraft:crimson_nylium":41,"minecraft:clay":1,"minecraft:torch":2,"minecraft:poppy":1,"minecraft:chest":1,"minecraft:nether_quartz_ore":974,"minecraft:cobblestone":45,"minecraft:oak_planks":2,"minecraft:sugar_cane":235,"minecraft:wall_torch":4,"minecraft:seagrass":1,"minecraft:warped_nylium":19,"minecraft:nether_wart_block":7,"minecraft:wheat":23,"minecraft:grass":204,"minecraft:oak_log":1,"minecraft:sand":150,"minecraft:dirt":750,"minecraft:crimson_planks":1,"minecraft:ancient_debris":6,"minecraft:netherrack":5391,"minecraft:oak_leaves":9,"minecraft:deepslate":161,"minecraft:nether_gold_ore":24,"minecraft:deepslate_diamond_ore":34,"minecraft:crimson_roots":2,"minecraft:weeping_vines":1,"minecraft:spruce_leaves":70,"minecraft:acacia_slab":3,"minecraft:crimson_stem":2,"minecraft:large_fern":1,"minecraft:redstone_ore":5,"minecraft:spruce_sapling":15,"minecraft:furnace":4,"minecraft:acacia_trapdoor":1,"minecraft:nether_sprouts":2,"minecraft:andesite":20,"minecraft:potatoes":274,"minecraft:vine":5,"minecraft:deepslate_iron_ore":50,"minecraft:rail":51,"minecraft:stripped_acacia_log":1,"minecraft:bamboo_sapling":1,"minecraft:bamboo":20,"minecraft:stone":294,"minecraft:acacia_leaves":2,"minecraft:crafting_table":11,"minecraft:warped_roots":1,"minecraft:lectern":5,"minecraft:tall_grass":35,"minecraft:copper_ore":2,"minecraft:deepslate_coal_ore":1,"minecraft:deepslate_gold_ore":14,"minecraft:lapis_ore":8,"minecraft:diorite":17,"minecraft:warped_wart_block":2,"minecraft:redstone_torch":1,"minecraft:spruce_log":1079,"minecraft:birch_leaves":2,"minecraft:jungle_fence":4,"minecraft:bee_nest":9,"minecraft:coal_ore":130,"minecraft:gravel":94,"minecraft:acacia_planks":7,"minecraft:small_dripleaf":1,"minecraft:fern":4},"minecraft:broken":{"minecraft:iron_shovel":4,"minecraft:golden_sword":1,"minecraft:iron_sword":2,"minecraft:golden_axe":1,"minecraft:iron_pickaxe":2},"minecraft:used":{"minecraft:iron_shovel":1187,"minecraft:chest":6,"minecraft:iron_sword":533,"minecraft:rotten_flesh":17,"minecraft:mutton":12,"minecraft:jungle_planks":24,"minecraft:coal_ore":1,"minecraft:jungle_fence_gate":3,"minecraft:golden_sword":32,"minecraft:bow":9,"minecraft:warped_fungus":1,"minecraft:furnace":5,"minecraft:egg":3,"minecraft:potato":463,"minecraft:diamond_boots":1,"minecraft:powered_rail":9,"minecraft:acacia_trapdoor":5,"minecraft:stone_pickaxe":41,"minecraft:jungle_fence":10,"minecraft:wooden_pickaxe":11,"minecraft:composter":3,"minecraft:diamond_axe":1185,"minecraft:sugar_cane":61,"minecraft:jungle_boat":3,"minecraft:glow_berries":13,"minecraft:crossbow":1,"minecraft:redstone_torch":7,"minecraft:lectern":5,"minecraft:gravel":60,"minecraft:diamond_sword":269,"minecraft:grindstone":1,"minecraft:andesite":1,"minecraft:bone_meal":30,"minecraft:golden_pickaxe":3,"minecraft:enchanting_table":1,"minecraft:stone_sword":4,"minecraft:flint_and_steel":14,"minecraft:stone_hoe":28,"minecraft:netherrack":598,"minecraft:torch":15,"minecraft:dirt":889,"minecraft:anvil":1,"minecraft:nether_quartz_ore":19,"minecraft:diamond_helmet":1,"minecraft:bee_nest":5,"minecraft:bookshelf":18,"minecraft:crimson_planks":25,"minecraft:bamboo":1,"minecraft:diamond_chestplate":1,"minecraft:beef":27,"minecraft:minecart":1,"minecraft:cooked_beef":41,"minecraft:cobbled_deepslate":40,"minecraft:acacia_planks":7,"minecraft:light_gray_bed":5,"minecraft:golden_axe":31,"minecraft:cooked_mutton":2,"minecraft:acacia_boat":33,"minecraft:water_bucket":6,"minecraft:cobblestone_stairs":41,"minecraft:baked_potato":38,"minecraft:fletching_table":2,"minecraft:glow_ink_sac":3,"minecraft:rail":168,"minecraft:crafting_table":12,"minecraft:white_bed":9,"minecraft:diamond_pickaxe":6915,"minecraft:apple":4,"minecraft:diamond_shovel":140,"minecraft:acacia_sign":3,"minecraft:iron_pickaxe":794,"minecraft:spruce_sapling":118,"minecraft:crimson_nylium":2,"minecraft:stone_axe":47,"minecraft:cobblestone":69,"minecraft:cooked_porkchop":18,"minecraft:porkchop":7,"minecraft:bucket":7,"minecraft:diamond_leggings":1},"minecraft:killed":{"minecraft:spider":12,"minecraft:skeleton":17,"minecraft:piglin":30,"minecraft:pig":10,"minecraft:iron_golem":2,"minecraft:creeper":11,"minecraft:sheep":10,"minecraft:zombie":39,"minecraft:cow":57,"minecraft:horse":15,"minecraft:hoglin":11,"minecraft:enderman":18},"minecraft:crafted":{"minecraft:jungle_fence_gate":3,"minecraft:cobblestone_stairs":20,"minecraft:diamond_shovel":1,"minecraft:bookshelf":18,"minecraft:quartz_block":175,"minecraft:diamond_helmet":1,"minecraft:diamond_leggings":1,"minecraft:chest":5,"minecraft:stone_hoe":2,"minecraft:emerald":154,"minecraft:cooked_porkchop":18,"minecraft:diamond_axe":1,"minecraft:crafting_table":3,"minecraft:spruce_planks":3512,"minecraft:jungle_boat":2,"minecraft:wooden_pickaxe":1,"minecraft:baked_potato":83,"minecraft:fletching_table":2,"minecraft:book":68,"minecraft:wooden_hoe":1,"minecraft:paper":210,"minecraft:diamond_pickaxe":4,"minecraft:shield":1,"minecraft:stick":6719,"minecraft:iron_ingot":8,"minecraft:iron_pickaxe":4,"minecraft:iron_block":3,"minecraft:stone_sword":1,"minecraft:gold_ingot":13,"minecraft:redstone_torch":12,"minecraft:netherite_ingot":1,"minecraft:furnace":2,"minecraft:bone_meal":33,"minecraft:flint_and_steel":1,"minecraft:stone_pickaxe":1,"minecraft:diamond_boots":1,"minecraft:jungle_fence":9,"minecraft:netherite_scrap":4,"minecraft:minecart":2,"minecraft:cooked_beef":63,"minecraft:crimson_planks":8,"minecraft:diamond_sword":1,"minecraft:enchanting_table":1,"minecraft:iron_sword":1,"minecraft:acacia_trapdoor":6,"minecraft:bucket":1,"minecraft:stone_axe":1,"minecraft:enchanted_book":10,"minecraft:acacia_boat":4,"minecraft:air":0,"minecraft:jungle_planks":208,"minecraft:acacia_sign":3,"minecraft:iron_shovel":5,"minecraft:anvil":1,"minecraft:white_bed":2,"minecraft:acacia_planks":200,"minecraft:diamond_chestplate":1},"minecraft:picked_up":{"minecraft:wheat":17,"minecraft:diamond_sword":2,"minecraft:oak_stairs":1,"minecraft:crimson_planks":26,"minecraft:golden_sword":1,"minecraft:string":11,"minecraft:raw_copper":18,"minecraft:diamond_leggings":1,"minecraft:gold_nugget":93,"minecraft:cobbled_deepslate":226,"minecraft:spruce_planks":1,"minecraft:redstone_torch":1,"minecraft:iron_pickaxe":1,"minecraft:furnace":5,"minecraft:stick":73,"minecraft:composter":3,"minecraft:acacia_log":50,"minecraft:torch":16,"minecraft:porkchop":53,"minecraft:golden_axe":1,"minecraft:diorite":33,"minecraft:nether_gold_ore":14,"minecraft:light_gray_bed":3,"minecraft:rotten_flesh":33,"minecraft:tropical_fish":1,"minecraft:glowstone":34,"minecraft:cobblestone":430,"minecraft:magma_block":18,"minecraft:cooked_beef":2,"minecraft:andesite":32,"minecraft:jungle_log":14,"minecraft:potato":1061,"minecraft:flint":5,"minecraft:acacia_boat":31,"minecraft:lapis_lazuli":279,"minecraft:dirt":1224,"minecraft:twisting_vines":4,"minecraft:bone":18,"minecraft:acacia_planks":7,"minecraft:bow":3,"minecraft:wheat_seeds":108,"minecraft:raw_gold":33,"minecraft:fletching_table":2,"minecraft:diamond_helmet":1,"minecraft:bamboo":321,"minecraft:glowstone_dust":3,"minecraft:oak_planks":4,"minecraft:stone_hoe":1,"minecraft:poisonous_potato":4,"minecraft:jungle_planks":7,"minecraft:sand":154,"minecraft:grass_block":2,"minecraft:stripped_acacia_log":1,"minecraft:diamond":48,"minecraft:crossbow":2,"minecraft:granite":13,"minecraft:golden_apple":2,"minecraft:netherrack":4696,"minecraft:oak_leaves":1,"minecraft:crimson_roots":4,"minecraft:diamond_pickaxe":6,"minecraft:crafting_table":13,"minecraft:bee_nest":17,"minecraft:clay_ball":28,"minecraft:wooden_pickaxe":1,"minecraft:blackstone":107,"minecraft:beef":114,"minecraft:oak_boat":1,"minecraft:poppy":2,"minecraft:minecart":1,"minecraft:lectern":5,"minecraft:sugar_cane":275,"minecraft:chest":1,"minecraft:egg":5,"minecraft:raw_iron":246,"minecraft:carrot":1,"minecraft:redstone":149,"minecraft:weeping_vines":1,"minecraft:arrow":21,"minecraft:diamond_chestplate":1,"minecraft:glow_berries":13,"minecraft:mutton":12,"minecraft:rail":49,"minecraft:white_wool":16,"minecraft:jungle_boat":2,"minecraft:glow_ink_sac":5,"minecraft:crimson_stem":2,"minecraft:leather":81,"minecraft:jungle_fence":6,"minecraft:oak_log":2,"minecraft:ancient_debris":4,"minecraft:nether_wart_block":7,"minecraft:gunpowder":6,"minecraft:cobblestone_stairs":32,"minecraft:wooden_hoe":1,"minecraft:paper":12,"minecraft:acacia_trapdoor":1,"minecraft:iron_ingot":5,"minecraft:stone_pickaxe":1,"minecraft:acacia_sapling":7,"minecraft:iron_sword":1,"minecraft:book":2,"minecraft:warped_fungus":2,"minecraft:nether_quartz_ore":30,"minecraft:quartz":1001,"minecraft:gravel":68,"minecraft:spruce_sapling":119,"minecraft:white_bed":8,"minecraft:spruce_log":1070,"minecraft:spider_eye":1,"minecraft:coal_ore":3,"minecraft:stone_axe":1,"minecraft:warped_roots":3,"minecraft:warped_nylium":6,"minecraft:coal":264,"minecraft:crimson_nylium":10,"minecraft:ender_pearl":3},"minecraft:dropped":{"minecraft:crimson_nylium":8,"minecraft:acacia_boat":2,"minecraft:porkchop":2,"minecraft:cooked_beef":22,"minecraft:oak_log":2,"minecraft:jungle_fence":5,"minecraft:crossbow":2,"minecraft:warped_roots":3,"minecraft:leather":1,"minecraft:jungle_planks":18,"minecraft:fletching_table":2,"minecraft:rail":26,"minecraft:dirt":74,"minecraft:crimson_roots":4,"minecraft:gold_nugget":58,"minecraft:sand":15,"minecraft:iron_pickaxe":1,"minecraft:white_wool":10,"minecraft:bone":2,"minecraft:stone_axe":1,"minecraft:blackstone":107,"minecraft:sugar_cane":4,"minecraft:cobbled_deepslate":180,"minecraft:twisting_vines":2,"minecraft:wheat":2,"minecraft:rotten_flesh":3,"minecraft:oak_planks":4,"minecraft:diamond_shovel":1,"minecraft:white_bed":3,"minecraft:poppy":1,"minecraft:coal_ore":2,"minecraft:glowstone":34,"minecraft:bee_nest":8,"minecraft:acacia_sapling":7,"minecraft:arrow":9,"minecraft:quartz":70,"minecraft:oak_leaves":1,"minecraft:netherrack":4018,"minecraft:egg":2,"minecraft:crimson_planks":9,"minecraft:stone_hoe":3,"minecraft:wheat_seeds":65,"minecraft:minecart":1,"minecraft:poisonous_potato":4,"minecraft:cobblestone":236,"minecraft:book":1,"minecraft:granite":13,"minecraft:tropical_fish":1,"minecraft:acacia_log":1,"minecraft:acacia_trapdoor":2,"minecraft:grass_block":1,"minecraft:coal":20,"minecraft:golden_apple":2,"minecraft:stick":20,"minecraft:diorite":33,"minecraft:nether_gold_ore":14,"minecraft:wooden_hoe":2,"minecraft:nether_wart_block":7,"minecraft:oak_stairs":1,"minecraft:jungle_boat":1,"minecraft:paper":12,"minecraft:string":2,"minecraft:acacia_planks":2,"minecraft:spruce_sapling":1,"minecraft:warped_nylium":3,"minecraft:stone_sword":1,"minecraft:clay_ball":28,"minecraft:filled_map":1,"minecraft:diamond_sword":1,"minecraft:potato":397,"minecraft:spruce_planks":277,"minecraft:diamond_pickaxe":3,"minecraft:andesite":30,"minecraft:oak_boat":1,"minecraft:redstone_torch":7,"minecraft:spider_eye":1,"minecraft:bow":1,"minecraft:stone_pickaxe":2,"minecraft:wooden_pickaxe":2,"minecraft:nether_quartz_ore":11,"minecraft:magma_block":18},"minecraft:killed_by":{"minecraft:hoglin":1},"minecraft:custom":{"minecraft:interact_with_crafting_table":93,"minecraft:open_barrel":15,"minecraft:bell_ring":20,"minecraft:leave_game":12,"minecraft:time_since_death":411245,"minecraft:sprint_one_cm":1832445,"minecraft:drop":335,"minecraft:talked_to_villager":59,"minecraft:play_time":638903,"minecraft:deaths":2,"minecraft:jump":12149,"minecraft:walk_on_water_one_cm":45064,"minecraft:enchant_item":8,"minecraft:interact_with_furnace":87,"minecraft:traded_with_villager":164,"minecraft:sleep_in_bed":40,"minecraft:damage_dealt":44965,"minecraft:player_kills":1,"minecraft:crouch_one_cm":114777,"minecraft:horse_one_cm":138989,"minecraft:mob_kills":232,"minecraft:interact_with_anvil":11,"minecraft:climb_one_cm":4627,"minecraft:walk_one_cm":1404010,"minecraft:sneak_time":39483,"minecraft:walk_under_water_one_cm":30971,"minecraft:boat_one_cm":1040179,"minecraft:total_world_time":638903,"minecraft:interact_with_grindstone":4,"minecraft:time_since_rest":6270,"minecraft:damage_taken":6491,"minecraft:swim_one_cm":71401,"minecraft:fly_one_cm":2273544,"minecraft:open_chest":309,"minecraft:fall_one_cm":352969}},"DataVersion":3578}